page,scenario,role,state,variant,width,height,text_scale,phase,json,image,device_pass,synthetic_data
AC-005,AC-005-account-snapshot-error-normal-ordinary,ordinary,error,normal,390.0,844.0,1.0,review123-state-capture,renders/review123-state-capture/390x844-text1.0/AC-005-account-snapshot-error-normal-ordinary.json,renders/review123-state-capture/390x844-text1.0/AC-005-account-snapshot-error-normal-ordinary.png,False,True
AC-005,AC-005-account-snapshot-loading-normal-ordinary,ordinary,loading,normal,390.0,844.0,1.0,review123-state-capture,renders/review123-state-capture/390x844-text1.0/AC-005-account-snapshot-loading-normal-ordinary.json,renders/review123-state-capture/390x844-text1.0/AC-005-account-snapshot-loading-normal-ordinary.png,False,True
AC-005,AC-005-account-snapshot-normal-permission-denied-ordinary,ordinary,normal,permission-denied,390.0,844.0,1.0,review123-state-capture,renders/review123-state-capture/390x844-text1.0/AC-005-account-snapshot-normal-permission-denied-ordinary.json,renders/review123-state-capture/390x844-text1.0/AC-005-account-snapshot-normal-permission-denied-ordinary.png,False,True
AC-005,AC-005-account-snapshot-normal-permission-granted-ordinary,ordinary,normal,permission-granted,390.0,844.0,1.0,review123-state-capture,renders/review123-state-capture/390x844-text1.0/AC-005-account-snapshot-normal-permission-granted-ordinary.json,renders/review123-state-capture/390x844-text1.0/AC-005-account-snapshot-normal-permission-granted-ordinary.png,False,True
AC-005,AC-005-account-snapshot-normal-permission-notDetermined-ordinary,ordinary,normal,permission-notDetermined,390.0,844.0,1.0,review123-state-capture,renders/review123-state-capture/390x844-text1.0/AC-005-account-snapshot-normal-permission-notDetermined-ordinary.json,renders/review123-state-capture/390x844-text1.0/AC-005-account-snapshot-normal-permission-notDetermined-ordinary.png,False,True
AC-005,AC-005-account-snapshot-normal-permission-permanentlyDenied-ordinary,ordinary,normal,permission-permanentlyDenied,390.0,844.0,1.0,review123-state-capture,renders/review123-state-capture/390x844-text1.0/AC-005-account-snapshot-normal-permission-permanentlyDenied-ordinary.json,renders/review123-state-capture/390x844-text1.0/AC-005-account-snapshot-normal-permission-permanentlyDenied-ordinary.png,False,True
AC-005,AC-005-account-snapshot-normal-permission-restricted-ordinary,ordinary,normal,permission-restricted,390.0,844.0,1.0,review123-state-capture,renders/review123-state-capture/390x844-text1.0/AC-005-account-snapshot-normal-permission-restricted-ordinary.json,renders/review123-state-capture/390x844-text1.0/AC-005-account-snapshot-normal-permission-restricted-ordinary.png,False,True
AC-005,AC-005-account-snapshot-normal-permission-unavailable-ordinary,ordinary,normal,permission-unavailable,390.0,844.0,1.0,review123-state-capture,renders/review123-state-capture/390x844-text1.0/AC-005-account-snapshot-normal-permission-unavailable-ordinary.json,renders/review123-state-capture/390x844-text1.0/AC-005-account-snapshot-normal-permission-unavailable-ordinary.png,False,True
AC-006,AC-006-account-snapshot-error-normal-ordinary,ordinary,error,normal,390.0,844.0,1.0,review123-state-capture,renders/review123-state-capture/390x844-text1.0/AC-006-account-snapshot-error-normal-ordinary.json,renders/review123-state-capture/390x844-text1.0/AC-006-account-snapshot-error-normal-ordinary.png,False,True
AC-006,AC-006-account-snapshot-loading-normal-ordinary,ordinary,loading,normal,390.0,844.0,1.0,review123-state-capture,renders/review123-state-capture/390x844-text1.0/AC-006-account-snapshot-loading-normal-ordinary.json,renders/review123-state-capture/390x844-text1.0/AC-006-account-snapshot-loading-normal-ordinary.png,False,True
AC-006,AC-006-account-snapshot-normal-verification-pending-ordinary,ordinary,normal,verification-pending,390.0,844.0,1.0,review123-state-capture,renders/review123-state-capture/390x844-text1.0/AC-006-account-snapshot-normal-verification-pending-ordinary.json,renders/review123-state-capture/390x844-text1.0/AC-006-account-snapshot-normal-verification-pending-ordinary.png,False,True
AC-006,AC-006-account-snapshot-normal-verification-rejected-ordinary,ordinary,normal,verification-rejected,390.0,844.0,1.0,review123-state-capture,renders/review123-state-capture/390x844-text1.0/AC-006-account-snapshot-normal-verification-rejected-ordinary.json,renders/review123-state-capture/390x844-text1.0/AC-006-account-snapshot-normal-verification-rejected-ordinary.png,False,True
AC-006,AC-006-account-snapshot-normal-verification-unavailable-ordinary,ordinary,normal,verification-unavailable,390.0,844.0,1.0,review123-state-capture,renders/review123-state-capture/390x844-text1.0/AC-006-account-snapshot-normal-verification-unavailable-ordinary.json,renders/review123-state-capture/390x844-text1.0/AC-006-account-snapshot-normal-verification-unavailable-ordinary.png,False,True
AC-006,AC-006-account-snapshot-normal-verification-unverified-ordinary,ordinary,normal,verification-unverified,390.0,844.0,1.0,review123-state-capture,renders/review123-state-capture/390x844-text1.0/AC-006-account-snapshot-normal-verification-unverified-ordinary.json,renders/review123-state-capture/390x844-text1.0/AC-006-account-snapshot-normal-verification-unverified-ordinary.png,False,True
AC-006,AC-006-account-snapshot-normal-verification-verified-ordinary,ordinary,normal,verification-verified,390.0,844.0,1.0,review123-state-capture,renders/review123-state-capture/390x844-text1.0/AC-006-account-snapshot-normal-verification-verified-ordinary.json,renders/review123-state-capture/390x844-text1.0/AC-006-account-snapshot-normal-verification-verified-ordinary.png,False,True
AC-007,AC-007-account-snapshot-empty-normal-ordinary,ordinary,empty,normal,390.0,844.0,1.0,review123-state-capture,renders/review123-state-capture/390x844-text1.0/AC-007-account-snapshot-empty-normal-ordinary.json,renders/review123-state-capture/390x844-text1.0/AC-007-account-snapshot-empty-normal-ordinary.png,False,True
AC-007,AC-007-account-snapshot-error-normal-ordinary,ordinary,error,normal,390.0,844.0,1.0,review123-state-capture,renders/review123-state-capture/390x844-text1.0/AC-007-account-snapshot-error-normal-ordinary.json,renders/review123-state-capture/390x844-text1.0/AC-007-account-snapshot-error-normal-ordinary.png,False,True
AC-007,AC-007-account-snapshot-loading-normal-ordinary,ordinary,loading,normal,390.0,844.0,1.0,review123-state-capture,renders/review123-state-capture/390x844-text1.0/AC-007-account-snapshot-loading-normal-ordinary.json,renders/review123-state-capture/390x844-text1.0/AC-007-account-snapshot-loading-normal-ordinary.png,False,True
AC-008,AC-008-account-snapshot-error-normal-ordinary,ordinary,error,normal,390.0,844.0,1.0,review123-state-capture,renders/review123-state-capture/390x844-text1.0/AC-008-account-snapshot-error-normal-ordinary.json,renders/review123-state-capture/390x844-text1.0/AC-008-account-snapshot-error-normal-ordinary.png,False,True
AC-008,AC-008-account-snapshot-loading-normal-ordinary,ordinary,loading,normal,390.0,844.0,1.0,review123-state-capture,renders/review123-state-capture/390x844-text1.0/AC-008-account-snapshot-loading-normal-ordinary.json,renders/review123-state-capture/390x844-text1.0/AC-008-account-snapshot-loading-normal-ordinary.png,False,True
AC-008,AC-008-account-snapshot-normal-restricted-ordinary,ordinary,normal,restricted,390.0,844.0,1.0,review123-state-capture,renders/review123-state-capture/390x844-text1.0/AC-008-account-snapshot-normal-restricted-ordinary.json,renders/review123-state-capture/390x844-text1.0/AC-008-account-snapshot-normal-restricted-ordinary.png,False,True
AC-009,AC-009-account-appeal-empty-normal-ordinary,ordinary,empty,normal,390.0,844.0,1.0,review123-state-capture,renders/review123-state-capture/390x844-text1.0/AC-009-account-appeal-empty-normal-ordinary.json,renders/review123-state-capture/390x844-text1.0/AC-009-account-appeal-empty-normal-ordinary.png,False,True
AC-009,AC-009-account-appeal-error-normal-ordinary,ordinary,error,normal,390.0,844.0,1.0,review123-state-capture,renders/review123-state-capture/390x844-text1.0/AC-009-account-appeal-error-normal-ordinary.json,renders/review123-state-capture/390x844-text1.0/AC-009-account-appeal-error-normal-ordinary.png,False,True
AC-009,AC-009-account-appeal-loading-normal-ordinary,ordinary,loading,normal,390.0,844.0,1.0,review123-state-capture,renders/review123-state-capture/390x844-text1.0/AC-009-account-appeal-loading-normal-ordinary.json,renders/review123-state-capture/390x844-text1.0/AC-009-account-appeal-loading-normal-ordinary.png,False,True
AC-009,AC-009-account-appeal-normal-appeal-approved-ordinary,ordinary,normal,appeal-approved,390.0,844.0,1.0,review123-state-capture,renders/review123-state-capture/390x844-text1.0/AC-009-account-appeal-normal-appeal-approved-ordinary.json,renders/review123-state-capture/390x844-text1.0/AC-009-account-appeal-normal-appeal-approved-ordinary.png,False,True
AC-009,AC-009-account-appeal-normal-appeal-cancelled-ordinary,ordinary,normal,appeal-cancelled,390.0,844.0,1.0,review123-state-capture,renders/review123-state-capture/390x844-text1.0/AC-009-account-appeal-normal-appeal-cancelled-ordinary.json,renders/review123-state-capture/390x844-text1.0/AC-009-account-appeal-normal-appeal-cancelled-ordinary.png,False,True
AC-009,AC-009-account-appeal-normal-appeal-none-ordinary,ordinary,normal,appeal-none,390.0,844.0,1.0,review123-state-capture,renders/review123-state-capture/390x844-text1.0/AC-009-account-appeal-normal-appeal-none-ordinary.json,renders/review123-state-capture/390x844-text1.0/AC-009-account-appeal-normal-appeal-none-ordinary.png,False,True
AC-009,AC-009-account-appeal-normal-appeal-pending-ordinary,ordinary,normal,appeal-pending,390.0,844.0,1.0,review123-state-capture,renders/review123-state-capture/390x844-text1.0/AC-009-account-appeal-normal-appeal-pending-ordinary.json,renders/review123-state-capture/390x844-text1.0/AC-009-account-appeal-normal-appeal-pending-ordinary.png,False,True
AC-009,AC-009-account-appeal-normal-appeal-rejected-ordinary,ordinary,normal,appeal-rejected,390.0,844.0,1.0,review123-state-capture,renders/review123-state-capture/390x844-text1.0/AC-009-account-appeal-normal-appeal-rejected-ordinary.json,renders/review123-state-capture/390x844-text1.0/AC-009-account-appeal-normal-appeal-rejected-ordinary.png,False,True
AC-010,AC-010-account-cancel-error-normal-ordinary,ordinary,error,normal,390.0,844.0,1.0,review123-state-capture,renders/review123-state-capture/390x844-text1.0/AC-010-account-cancel-error-normal-ordinary.json,renders/review123-state-capture/390x844-text1.0/AC-010-account-cancel-error-normal-ordinary.png,False,True
AC-010,AC-010-account-cancel-loading-normal-ordinary,ordinary,loading,normal,390.0,844.0,1.0,review123-state-capture,renders/review123-state-capture/390x844-text1.0/AC-010-account-cancel-loading-normal-ordinary.json,renders/review123-state-capture/390x844-text1.0/AC-010-account-cancel-loading-normal-ordinary.png,False,True
AC-010,AC-010-account-cancel-normal-cancel-blocked-ordinary,ordinary,normal,cancel-blocked,390.0,844.0,1.0,review123-state-capture,renders/review123-state-capture/390x844-text1.0/AC-010-account-cancel-normal-cancel-blocked-ordinary.json,renders/review123-state-capture/390x844-text1.0/AC-010-account-cancel-normal-cancel-blocked-ordinary.png,False,True
AC-010,AC-010-account-cancel-normal-cancel-cooling-closed-ordinary,ordinary,normal,cancel-cooling-closed,390.0,844.0,1.0,review123-state-capture,renders/review123-state-capture/390x844-text1.0/AC-010-account-cancel-normal-cancel-cooling-closed-ordinary.json,renders/review123-state-capture/390x844-text1.0/AC-010-account-cancel-normal-cancel-cooling-closed-ordinary.png,False,True
AC-010,AC-010-account-cancel-normal-cancel-cooling-open-ordinary,ordinary,normal,cancel-cooling-open,390.0,844.0,1.0,review123-state-capture,renders/review123-state-capture/390x844-text1.0/AC-010-account-cancel-normal-cancel-cooling-open-ordinary.json,renders/review123-state-capture/390x844-text1.0/AC-010-account-cancel-normal-cancel-cooling-open-ordinary.png,False,True
AC-011,AC-011-account-version-error-normal-ordinary,ordinary,error,normal,390.0,844.0,1.0,review123-state-capture,renders/review123-state-capture/390x844-text1.0/AC-011-account-version-error-normal-ordinary.json,renders/review123-state-capture/390x844-text1.0/AC-011-account-version-error-normal-ordinary.png,False,True
AC-011,AC-011-account-version-loading-normal-ordinary,ordinary,loading,normal,390.0,844.0,1.0,review123-state-capture,renders/review123-state-capture/390x844-text1.0/AC-011-account-version-loading-normal-ordinary.json,renders/review123-state-capture/390x844-text1.0/AC-011-account-version-loading-normal-ordinary.png,False,True
AC-011,AC-011-account-version-normal-version-current-ordinary,ordinary,normal,version-current,390.0,844.0,1.0,review123-state-capture,renders/review123-state-capture/390x844-text1.0/AC-011-account-version-normal-version-current-ordinary.json,renders/review123-state-capture/390x844-text1.0/AC-011-account-version-normal-version-current-ordinary.png,False,True
AC-011,AC-011-account-version-normal-version-mandatory-ordinary,ordinary,normal,version-mandatory,390.0,844.0,1.0,review123-state-capture,renders/review123-state-capture/390x844-text1.0/AC-011-account-version-normal-version-mandatory-ordinary.json,renders/review123-state-capture/390x844-text1.0/AC-011-account-version-normal-version-mandatory-ordinary.png,False,True
AC-011,AC-011-account-version-normal-version-optional-ordinary,ordinary,normal,version-optional,390.0,844.0,1.0,review123-state-capture,renders/review123-state-capture/390x844-text1.0/AC-011-account-version-normal-version-optional-ordinary.json,renders/review123-state-capture/390x844-text1.0/AC-011-account-version-normal-version-optional-ordinary.png,False,True
AC-012,AC-012-account-snapshot-error-normal-ordinary,ordinary,error,normal,390.0,844.0,1.0,review123-state-capture,renders/review123-state-capture/390x844-text1.0/AC-012-account-snapshot-error-normal-ordinary.json,renders/review123-state-capture/390x844-text1.0/AC-012-account-snapshot-error-normal-ordinary.png,False,True
AC-012,AC-012-account-snapshot-loading-normal-ordinary,ordinary,loading,normal,390.0,844.0,1.0,review123-state-capture,renders/review123-state-capture/390x844-text1.0/AC-012-account-snapshot-loading-normal-ordinary.json,renders/review123-state-capture/390x844-text1.0/AC-012-account-snapshot-loading-normal-ordinary.png,False,True
AC-012,AC-012-account-snapshot-normal-youth-locked-ordinary,ordinary,normal,youth-locked,390.0,844.0,1.0,review123-state-capture,renders/review123-state-capture/390x844-text1.0/AC-012-account-snapshot-normal-youth-locked-ordinary.json,renders/review123-state-capture/390x844-text1.0/AC-012-account-snapshot-normal-youth-locked-ordinary.png,False,True
CM-001,CM-001-commerce-ledger-empty-normal-ordinary,ordinary,empty,normal,390.0,844.0,1.0,review123-state-capture,renders/review123-state-capture/390x844-text1.0/CM-001-commerce-ledger-empty-normal-ordinary.json,renders/review123-state-capture/390x844-text1.0/CM-001-commerce-ledger-empty-normal-ordinary.png,False,True
CM-001,CM-001-commerce-ledger-error-normal-ordinary,ordinary,error,normal,390.0,844.0,1.0,review123-state-capture,renders/review123-state-capture/390x844-text1.0/CM-001-commerce-ledger-error-normal-ordinary.json,renders/review123-state-capture/390x844-text1.0/CM-001-commerce-ledger-error-normal-ordinary.png,False,True
CM-001,CM-001-commerce-ledger-loading-normal-ordinary,ordinary,loading,normal,390.0,844.0,1.0,review123-state-capture,renders/review123-state-capture/390x844-text1.0/CM-001-commerce-ledger-loading-normal-ordinary.json,renders/review123-state-capture/390x844-text1.0/CM-001-commerce-ledger-loading-normal-ordinary.png,False,True
CM-002,CM-002-catalog-products-empty-normal-ordinary,ordinary,empty,normal,390.0,844.0,1.0,review123-state-capture,renders/review123-state-capture/390x844-text1.0/CM-002-catalog-products-empty-normal-ordinary.json,renders/review123-state-capture/390x844-text1.0/CM-002-catalog-products-empty-normal-ordinary.png,False,True
CM-002,CM-002-catalog-products-error-normal-ordinary,ordinary,error,normal,390.0,844.0,1.0,review123-state-capture,renders/review123-state-capture/390x844-text1.0/CM-002-catalog-products-error-normal-ordinary.json,renders/review123-state-capture/390x844-text1.0/CM-002-catalog-products-error-normal-ordinary.png,False,True
CM-002,CM-002-catalog-products-loading-normal-ordinary,ordinary,loading,normal,390.0,844.0,1.0,review123-state-capture,renders/review123-state-capture/390x844-text1.0/CM-002-catalog-products-loading-normal-ordinary.json,renders/review123-state-capture/390x844-text1.0/CM-002-catalog-products-loading-normal-ordinary.png,False,True
CM-004,CM-004-catalog-result-normal-payment-canceled-ordinary,ordinary,normal,payment-canceled,390.0,844.0,1.0,review123-state-capture,renders/review123-state-capture/390x844-text1.0/CM-004-catalog-result-normal-payment-canceled-ordinary.json,renders/review123-state-capture/390x844-text1.0/CM-004-catalog-result-normal-payment-canceled-ordinary.png,False,True
CM-004,CM-004-catalog-result-normal-payment-confirming-ordinary,ordinary,normal,payment-confirming,390.0,844.0,1.0,review123-state-capture,renders/review123-state-capture/390x844-text1.0/CM-004-catalog-result-normal-payment-confirming-ordinary.json,renders/review123-state-capture/390x844-text1.0/CM-004-catalog-result-normal-payment-confirming-ordinary.png,False,True
CM-004,CM-004-catalog-result-normal-payment-created-ordinary,ordinary,normal,payment-created,390.0,844.0,1.0,review123-state-capture,renders/review123-state-capture/390x844-text1.0/CM-004-catalog-result-normal-payment-created-ordinary.json,renders/review123-state-capture/390x844-text1.0/CM-004-catalog-result-normal-payment-created-ordinary.png,False,True
CM-004,CM-004-catalog-result-normal-payment-failed-ordinary,ordinary,normal,payment-failed,390.0,844.0,1.0,review123-state-capture,renders/review123-state-capture/390x844-text1.0/CM-004-catalog-result-normal-payment-failed-ordinary.json,renders/review123-state-capture/390x844-text1.0/CM-004-catalog-result-normal-payment-failed-ordinary.png,False,True
CM-004,CM-004-catalog-result-normal-payment-invoking-ordinary,ordinary,normal,payment-invoking,390.0,844.0,1.0,review123-state-capture,renders/review123-state-capture/390x844-text1.0/CM-004-catalog-result-normal-payment-invoking-ordinary.json,renders/review123-state-capture/390x844-text1.0/CM-004-catalog-result-normal-payment-invoking-ordinary.png,False,True
CM-004,CM-004-catalog-result-normal-payment-succeeded-ordinary,ordinary,normal,payment-succeeded,390.0,844.0,1.0,review123-state-capture,renders/review123-state-capture/390x844-text1.0/CM-004-catalog-result-normal-payment-succeeded-ordinary.json,renders/review123-state-capture/390x844-text1.0/CM-004-catalog-result-normal-payment-succeeded-ordinary.png,False,True
CM-004,CM-004-catalog-result-normal-payment-unavailable-ordinary,ordinary,normal,payment-unavailable,390.0,844.0,1.0,review123-state-capture,renders/review123-state-capture/390x844-text1.0/CM-004-catalog-result-normal-payment-unavailable-ordinary.json,renders/review123-state-capture/390x844-text1.0/CM-004-catalog-result-normal-payment-unavailable-ordinary.png,False,True
CM-005,CM-005-commerce-orders-empty-normal-ordinary,ordinary,empty,normal,390.0,844.0,1.0,review123-state-capture,renders/review123-state-capture/390x844-text1.0/CM-005-commerce-orders-empty-normal-ordinary.json,renders/review123-state-capture/390x844-text1.0/CM-005-commerce-orders-empty-normal-ordinary.png,False,True
CM-005,CM-005-commerce-orders-error-normal-ordinary,ordinary,error,normal,390.0,844.0,1.0,review123-state-capture,renders/review123-state-capture/390x844-text1.0/CM-005-commerce-orders-error-normal-ordinary.json,renders/review123-state-capture/390x844-text1.0/CM-005-commerce-orders-error-normal-ordinary.png,False,True
CM-005,CM-005-commerce-orders-loading-normal-ordinary,ordinary,loading,normal,390.0,844.0,1.0,review123-state-capture,renders/review123-state-capture/390x844-text1.0/CM-005-commerce-orders-loading-normal-ordinary.json,renders/review123-state-capture/390x844-text1.0/CM-005-commerce-orders-loading-normal-ordinary.png,False,True
CM-009,CM-009-catalog-gifts-empty-normal-ordinary,ordinary,empty,normal,390.0,844.0,1.0,review123-state-capture,renders/review123-state-capture/390x844-text1.0/CM-009-catalog-gifts-empty-normal-ordinary.json,renders/review123-state-capture/390x844-text1.0/CM-009-catalog-gifts-empty-normal-ordinary.png,False,True
CM-009,CM-009-catalog-gifts-error-normal-ordinary,ordinary,error,normal,390.0,844.0,1.0,review123-state-capture,renders/review123-state-capture/390x844-text1.0/CM-009-catalog-gifts-error-normal-ordinary.json,renders/review123-state-capture/390x844-text1.0/CM-009-catalog-gifts-error-normal-ordinary.png,False,True
CM-009,CM-009-catalog-gifts-loading-normal-ordinary,ordinary,loading,normal,390.0,844.0,1.0,review123-state-capture,renders/review123-state-capture/390x844-text1.0/CM-009-catalog-gifts-loading-normal-ordinary.json,renders/review123-state-capture/390x844-text1.0/CM-009-catalog-gifts-loading-normal-ordinary.png,False,True
CM-010,CM-010-catalog-decorations-empty-normal-ordinary,ordinary,empty,normal,390.0,844.0,1.0,review123-state-capture,renders/review123-state-capture/390x844-text1.0/CM-010-catalog-decorations-empty-normal-ordinary.json,renders/review123-state-capture/390x844-text1.0/CM-010-catalog-decorations-empty-normal-ordinary.png,False,True
CM-010,CM-010-catalog-decorations-error-normal-ordinary,ordinary,error,normal,390.0,844.0,1.0,review123-state-capture,renders/review123-state-capture/390x844-text1.0/CM-010-catalog-decorations-error-normal-ordinary.json,renders/review123-state-capture/390x844-text1.0/CM-010-catalog-decorations-error-normal-ordinary.png,False,True
CM-010,CM-010-catalog-decorations-loading-normal-ordinary,ordinary,loading,normal,390.0,844.0,1.0,review123-state-capture,renders/review123-state-capture/390x844-text1.0/CM-010-catalog-decorations-loading-normal-ordinary.json,renders/review123-state-capture/390x844-text1.0/CM-010-catalog-decorations-loading-normal-ordinary.png,False,True
CM-010,CM-010-catalog-decorations-normal-decoration-expired-ordinary,ordinary,normal,decoration-expired,390.0,844.0,1.0,review123-state-capture,renders/review123-state-capture/390x844-text1.0/CM-010-catalog-decorations-normal-decoration-expired-ordinary.json,renders/review123-state-capture/390x844-text1.0/CM-010-catalog-decorations-normal-decoration-expired-ordinary.png,False,True
CM-010,CM-010-catalog-decorations-normal-decoration-retired-ordinary,ordinary,normal,decoration-retired,390.0,844.0,1.0,review123-state-capture,renders/review123-state-capture/390x844-text1.0/CM-010-catalog-decorations-normal-decoration-retired-ordinary.json,renders/review123-state-capture/390x844-text1.0/CM-010-catalog-decorations-normal-decoration-retired-ordinary.png,False,True
DS-001,DS-001-discovery-home-empty-normal-ordinary,ordinary,empty,normal,390.0,844.0,1.0,review123-state-capture,renders/review123-state-capture/390x844-text1.0/DS-001-discovery-home-empty-normal-ordinary.json,renders/review123-state-capture/390x844-text1.0/DS-001-discovery-home-empty-normal-ordinary.png,False,True
DS-001,DS-001-discovery-home-error-normal-ordinary,ordinary,error,normal,390.0,844.0,1.0,review123-state-capture,renders/review123-state-capture/390x844-text1.0/DS-001-discovery-home-error-normal-ordinary.json,renders/review123-state-capture/390x844-text1.0/DS-001-discovery-home-error-normal-ordinary.png,False,True
DS-001,DS-001-discovery-home-loading-normal-ordinary,ordinary,loading,normal,390.0,844.0,1.0,review123-state-capture,renders/review123-state-capture/390x844-text1.0/DS-001-discovery-home-loading-normal-ordinary.json,renders/review123-state-capture/390x844-text1.0/DS-001-discovery-home-loading-normal-ordinary.png,False,True
DS-002,DS-002-discovery-suggestions-empty-normal-ordinary,ordinary,empty,normal,390.0,844.0,1.0,review123-state-capture,renders/review123-state-capture/390x844-text1.0/DS-002-discovery-suggestions-empty-normal-ordinary.json,renders/review123-state-capture/390x844-text1.0/DS-002-discovery-suggestions-empty-normal-ordinary.png,False,True
DS-002,DS-002-discovery-suggestions-error-normal-ordinary,ordinary,error,normal,390.0,844.0,1.0,review123-state-capture,renders/review123-state-capture/390x844-text1.0/DS-002-discovery-suggestions-error-normal-ordinary.json,renders/review123-state-capture/390x844-text1.0/DS-002-discovery-suggestions-error-normal-ordinary.png,False,True
DS-002,DS-002-discovery-suggestions-loading-normal-ordinary,ordinary,loading,normal,390.0,844.0,1.0,review123-state-capture,renders/review123-state-capture/390x844-text1.0/DS-002-discovery-suggestions-loading-normal-ordinary.json,renders/review123-state-capture/390x844-text1.0/DS-002-discovery-suggestions-loading-normal-ordinary.png,False,True
DS-003,DS-003-discovery-search-empty-normal-ordinary,ordinary,empty,normal,390.0,844.0,1.0,review123-state-capture,renders/review123-state-capture/390x844-text1.0/DS-003-discovery-search-empty-normal-ordinary.json,renders/review123-state-capture/390x844-text1.0/DS-003-discovery-search-empty-normal-ordinary.png,False,True
DS-003,DS-003-discovery-search-error-normal-ordinary,ordinary,error,normal,390.0,844.0,1.0,review123-state-capture,renders/review123-state-capture/390x844-text1.0/DS-003-discovery-search-error-normal-ordinary.json,renders/review123-state-capture/390x844-text1.0/DS-003-discovery-search-error-normal-ordinary.png,False,True
DS-003,DS-003-discovery-search-loading-normal-ordinary,ordinary,loading,normal,390.0,844.0,1.0,review123-state-capture,renders/review123-state-capture/390x844-text1.0/DS-003-discovery-search-loading-normal-ordinary.json,renders/review123-state-capture/390x844-text1.0/DS-003-discovery-search-loading-normal-ordinary.png,False,True
DS-004,DS-004-dynamic-feed-empty-normal-ordinary,ordinary,empty,normal,390.0,844.0,1.0,review123-state-capture,renders/review123-state-capture/390x844-text1.0/DS-004-dynamic-feed-empty-normal-ordinary.json,renders/review123-state-capture/390x844-text1.0/DS-004-dynamic-feed-empty-normal-ordinary.png,False,True
DS-004,DS-004-dynamic-feed-error-normal-ordinary,ordinary,error,normal,390.0,844.0,1.0,review123-state-capture,renders/review123-state-capture/390x844-text1.0/DS-004-dynamic-feed-error-normal-ordinary.json,renders/review123-state-capture/390x844-text1.0/DS-004-dynamic-feed-error-normal-ordinary.png,False,True
DS-004,DS-004-dynamic-feed-loading-normal-ordinary,ordinary,loading,normal,390.0,844.0,1.0,review123-state-capture,renders/review123-state-capture/390x844-text1.0/DS-004-dynamic-feed-loading-normal-ordinary.json,renders/review123-state-capture/390x844-text1.0/DS-004-dynamic-feed-loading-normal-ordinary.png,False,True
DS-005,DS-005-dynamic-comments-empty-normal-ordinary,ordinary,empty,normal,390.0,844.0,1.0,review123-state-capture,renders/review123-state-capture/390x844-text1.0/DS-005-dynamic-comments-empty-normal-ordinary.json,renders/review123-state-capture/390x844-text1.0/DS-005-dynamic-comments-empty-normal-ordinary.png,False,True
DS-005,DS-005-dynamic-comments-error-normal-ordinary,ordinary,error,normal,390.0,844.0,1.0,review123-state-capture,renders/review123-state-capture/390x844-text1.0/DS-005-dynamic-comments-error-normal-ordinary.json,renders/review123-state-capture/390x844-text1.0/DS-005-dynamic-comments-error-normal-ordinary.png,False,True
DS-005,DS-005-dynamic-comments-loading-normal-ordinary,ordinary,loading,normal,390.0,844.0,1.0,review123-state-capture,renders/review123-state-capture/390x844-text1.0/DS-005-dynamic-comments-loading-normal-ordinary.json,renders/review123-state-capture/390x844-text1.0/DS-005-dynamic-comments-loading-normal-ordinary.png,False,True
DS-005,DS-005-dynamic-post-error-normal-ordinary,ordinary,error,normal,390.0,844.0,1.0,review123-state-capture,renders/review123-state-capture/390x844-text1.0/DS-005-dynamic-post-error-normal-ordinary.json,renders/review123-state-capture/390x844-text1.0/DS-005-dynamic-post-error-normal-ordinary.png,False,True
DS-005,DS-005-dynamic-post-loading-normal-ordinary,ordinary,loading,normal,390.0,844.0,1.0,review123-state-capture,renders/review123-state-capture/390x844-text1.0/DS-005-dynamic-post-loading-normal-ordinary.json,renders/review123-state-capture/390x844-text1.0/DS-005-dynamic-post-loading-normal-ordinary.png,False,True
DS-007,DS-007-dynamic-ranking-empty-normal-ordinary,ordinary,empty,normal,390.0,844.0,1.0,review123-state-capture,renders/review123-state-capture/390x844-text1.0/DS-007-dynamic-ranking-empty-normal-ordinary.json,renders/review123-state-capture/390x844-text1.0/DS-007-dynamic-ranking-empty-normal-ordinary.png,False,True
DS-007,DS-007-dynamic-ranking-error-normal-ordinary,ordinary,error,normal,390.0,844.0,1.0,review123-state-capture,renders/review123-state-capture/390x844-text1.0/DS-007-dynamic-ranking-error-normal-ordinary.json,renders/review123-state-capture/390x844-text1.0/DS-007-dynamic-ranking-error-normal-ordinary.png,False,True
DS-007,DS-007-dynamic-ranking-loading-normal-ordinary,ordinary,loading,normal,390.0,844.0,1.0,review123-state-capture,renders/review123-state-capture/390x844-text1.0/DS-007-dynamic-ranking-loading-normal-ordinary.json,renders/review123-state-capture/390x844-text1.0/DS-007-dynamic-ranking-loading-normal-ordinary.png,False,True
DS-008,DS-008-discovery-collections-empty-normal-ordinary,ordinary,empty,normal,390.0,844.0,1.0,review123-state-capture,renders/review123-state-capture/390x844-text1.0/DS-008-discovery-collections-empty-normal-ordinary.json,renders/review123-state-capture/390x844-text1.0/DS-008-discovery-collections-empty-normal-ordinary.png,False,True
DS-008,DS-008-discovery-collections-error-normal-ordinary,ordinary,error,normal,390.0,844.0,1.0,review123-state-capture,renders/review123-state-capture/390x844-text1.0/DS-008-discovery-collections-error-normal-ordinary.json,renders/review123-state-capture/390x844-text1.0/DS-008-discovery-collections-error-normal-ordinary.png,False,True
DS-008,DS-008-discovery-collections-loading-normal-ordinary,ordinary,loading,normal,390.0,844.0,1.0,review123-state-capture,renders/review123-state-capture/390x844-text1.0/DS-008-discovery-collections-loading-normal-ordinary.json,renders/review123-state-capture/390x844-text1.0/DS-008-discovery-collections-loading-normal-ordinary.png,False,True
MS-001,MS-001-message-conversations-empty-normal-ordinary,ordinary,empty,normal,390.0,844.0,1.0,review123-state-capture,renders/review123-state-capture/390x844-text1.0/MS-001-message-conversations-empty-normal-ordinary.json,renders/review123-state-capture/390x844-text1.0/MS-001-message-conversations-empty-normal-ordinary.png,False,True
MS-001,MS-001-message-conversations-error-normal-ordinary,ordinary,error,normal,390.0,844.0,1.0,review123-state-capture,renders/review123-state-capture/390x844-text1.0/MS-001-message-conversations-error-normal-ordinary.json,renders/review123-state-capture/390x844-text1.0/MS-001-message-conversations-error-normal-ordinary.png,False,True
MS-001,MS-001-message-conversations-loading-normal-ordinary,ordinary,loading,normal,390.0,844.0,1.0,review123-state-capture,renders/review123-state-capture/390x844-text1.0/MS-001-message-conversations-loading-normal-ordinary.json,renders/review123-state-capture/390x844-text1.0/MS-001-message-conversations-loading-normal-ordinary.png,False,True
MS-002,MS-002-message-private-empty-normal-ordinary,ordinary,empty,normal,390.0,844.0,1.0,review123-state-capture,renders/review123-state-capture/390x844-text1.0/MS-002-message-private-empty-normal-ordinary.json,renders/review123-state-capture/390x844-text1.0/MS-002-message-private-empty-normal-ordinary.png,False,True
MS-002,MS-002-message-private-error-normal-ordinary,ordinary,error,normal,390.0,844.0,1.0,review123-state-capture,renders/review123-state-capture/390x844-text1.0/MS-002-message-private-error-normal-ordinary.json,renders/review123-state-capture/390x844-text1.0/MS-002-message-private-error-normal-ordinary.png,False,True
MS-002,MS-002-message-private-loading-normal-ordinary,ordinary,loading,normal,390.0,844.0,1.0,review123-state-capture,renders/review123-state-capture/390x844-text1.0/MS-002-message-private-loading-normal-ordinary.json,renders/review123-state-capture/390x844-text1.0/MS-002-message-private-loading-normal-ordinary.png,False,True
MS-002,MS-002-message-private-normal-delivery-delivered-ordinary,ordinary,normal,delivery-delivered,390.0,844.0,1.0,review123-state-capture,renders/review123-state-capture/390x844-text1.0/MS-002-message-private-normal-delivery-delivered-ordinary.json,renders/review123-state-capture/390x844-text1.0/MS-002-message-private-normal-delivery-delivered-ordinary.png,False,True
MS-002,MS-002-message-private-normal-delivery-failed-ordinary,ordinary,normal,delivery-failed,390.0,844.0,1.0,review123-state-capture,renders/review123-state-capture/390x844-text1.0/MS-002-message-private-normal-delivery-failed-ordinary.json,renders/review123-state-capture/390x844-text1.0/MS-002-message-private-normal-delivery-failed-ordinary.png,False,True
MS-002,MS-002-message-private-normal-delivery-pending-ordinary,ordinary,normal,delivery-pending,390.0,844.0,1.0,review123-state-capture,renders/review123-state-capture/390x844-text1.0/MS-002-message-private-normal-delivery-pending-ordinary.json,renders/review123-state-capture/390x844-text1.0/MS-002-message-private-normal-delivery-pending-ordinary.png,False,True
MS-002,MS-002-message-private-normal-delivery-processing-ordinary,ordinary,normal,delivery-processing,390.0,844.0,1.0,review123-state-capture,renders/review123-state-capture/390x844-text1.0/MS-002-message-private-normal-delivery-processing-ordinary.json,renders/review123-state-capture/390x844-text1.0/MS-002-message-private-normal-delivery-processing-ordinary.png,False,True
MS-002,MS-002-message-private-normal-delivery-retry-ordinary,ordinary,normal,delivery-retry,390.0,844.0,1.0,review123-state-capture,renders/review123-state-capture/390x844-text1.0/MS-002-message-private-normal-delivery-retry-ordinary.json,renders/review123-state-capture/390x844-text1.0/MS-002-message-private-normal-delivery-retry-ordinary.png,False,True
MS-002,MS-002-message-private-normal-delivery-unknown-ordinary,ordinary,normal,delivery-unknown,390.0,844.0,1.0,review123-state-capture,renders/review123-state-capture/390x844-text1.0/MS-002-message-private-normal-delivery-unknown-ordinary.json,renders/review123-state-capture/390x844-text1.0/MS-002-message-private-normal-delivery-unknown-ordinary.png,False,True
MS-002,MS-002-message-private-normal-delivery-vendorBlocked-ordinary,ordinary,normal,delivery-vendorBlocked,390.0,844.0,1.0,review123-state-capture,renders/review123-state-capture/390x844-text1.0/MS-002-message-private-normal-delivery-vendorBlocked-ordinary.json,renders/review123-state-capture/390x844-text1.0/MS-002-message-private-normal-delivery-vendorBlocked-ordinary.png,False,True
MS-003,MS-003-message-notifications-empty-normal-ordinary,ordinary,empty,normal,390.0,844.0,1.0,review123-state-capture,renders/review123-state-capture/390x844-text1.0/MS-003-message-notifications-empty-normal-ordinary.json,renders/review123-state-capture/390x844-text1.0/MS-003-message-notifications-empty-normal-ordinary.png,False,True
MS-003,MS-003-message-notifications-error-normal-ordinary,ordinary,error,normal,390.0,844.0,1.0,review123-state-capture,renders/review123-state-capture/390x844-text1.0/MS-003-message-notifications-error-normal-ordinary.json,renders/review123-state-capture/390x844-text1.0/MS-003-message-notifications-error-normal-ordinary.png,False,True
MS-003,MS-003-message-notifications-loading-normal-ordinary,ordinary,loading,normal,390.0,844.0,1.0,review123-state-capture,renders/review123-state-capture/390x844-text1.0/MS-003-message-notifications-loading-normal-ordinary.json,renders/review123-state-capture/390x844-text1.0/MS-003-message-notifications-loading-normal-ordinary.png,False,True
MS-004,MS-004-message-notification-error-normal-ordinary,ordinary,error,normal,390.0,844.0,1.0,review123-state-capture,renders/review123-state-capture/390x844-text1.0/MS-004-message-notification-error-normal-ordinary.json,renders/review123-state-capture/390x844-text1.0/MS-004-message-notification-error-normal-ordinary.png,False,True
MS-004,MS-004-message-notification-loading-normal-ordinary,ordinary,loading,normal,390.0,844.0,1.0,review123-state-capture,renders/review123-state-capture/390x844-text1.0/MS-004-message-notification-loading-normal-ordinary.json,renders/review123-state-capture/390x844-text1.0/MS-004-message-notification-loading-normal-ordinary.png,False,True
MS-004,MS-004-message-notification-normal-target-unavailable-ordinary,ordinary,normal,target-unavailable,390.0,844.0,1.0,review123-state-capture,renders/review123-state-capture/390x844-text1.0/MS-004-message-notification-normal-target-unavailable-ordinary.json,renders/review123-state-capture/390x844-text1.0/MS-004-message-notification-normal-target-unavailable-ordinary.png,False,True
MS-006,MS-006-message-recovery-error-normal-ordinary,ordinary,error,normal,390.0,844.0,1.0,review123-state-capture,renders/review123-state-capture/390x844-text1.0/MS-006-message-recovery-error-normal-ordinary.json,renders/review123-state-capture/390x844-text1.0/MS-006-message-recovery-error-normal-ordinary.png,False,True
MS-006,MS-006-message-recovery-loading-normal-ordinary,ordinary,loading,normal,390.0,844.0,1.0,review123-state-capture,renders/review123-state-capture/390x844-text1.0/MS-006-message-recovery-loading-normal-ordinary.json,renders/review123-state-capture/390x844-text1.0/MS-006-message-recovery-loading-normal-ordinary.png,False,True
MS-006,MS-006-message-recovery-normal-notification-allowed-ordinary,ordinary,normal,notification-allowed,390.0,844.0,1.0,review123-state-capture,renders/review123-state-capture/390x844-text1.0/MS-006-message-recovery-normal-notification-allowed-ordinary.json,renders/review123-state-capture/390x844-text1.0/MS-006-message-recovery-normal-notification-allowed-ordinary.png,False,True
MS-006,MS-006-message-recovery-normal-notification-denied-ordinary,ordinary,normal,notification-denied,390.0,844.0,1.0,review123-state-capture,renders/review123-state-capture/390x844-text1.0/MS-006-message-recovery-normal-notification-denied-ordinary.json,renders/review123-state-capture/390x844-text1.0/MS-006-message-recovery-normal-notification-denied-ordinary.png,False,True
MS-006,MS-006-message-recovery-normal-notification-permanentlyDenied-ordinary,ordinary,normal,notification-permanentlyDenied,390.0,844.0,1.0,review123-state-capture,renders/review123-state-capture/390x844-text1.0/MS-006-message-recovery-normal-notification-permanentlyDenied-ordinary.json,renders/review123-state-capture/390x844-text1.0/MS-006-message-recovery-normal-notification-permanentlyDenied-ordinary.png,False,True
MS-006,MS-006-message-recovery-normal-notification-restricted-ordinary,ordinary,normal,notification-restricted,390.0,844.0,1.0,review123-state-capture,renders/review123-state-capture/390x844-text1.0/MS-006-message-recovery-normal-notification-restricted-ordinary.json,renders/review123-state-capture/390x844-text1.0/MS-006-message-recovery-normal-notification-restricted-ordinary.png,False,True
MS-006,MS-006-message-recovery-normal-notification-unavailable-ordinary,ordinary,normal,notification-unavailable,390.0,844.0,1.0,review123-state-capture,renders/review123-state-capture/390x844-text1.0/MS-006-message-recovery-normal-notification-unavailable-ordinary.json,renders/review123-state-capture/390x844-text1.0/MS-006-message-recovery-normal-notification-unavailable-ordinary.png,False,True
MS-006,MS-006-message-recovery-normal-notification-unknown-ordinary,ordinary,normal,notification-unknown,390.0,844.0,1.0,review123-state-capture,renders/review123-state-capture/390x844-text1.0/MS-006-message-recovery-normal-notification-unknown-ordinary.json,renders/review123-state-capture/390x844-text1.0/MS-006-message-recovery-normal-notification-unknown-ordinary.png,False,True
RM-001,RM-001-room-owned-empty-normal-chair,chair,empty,normal,390.0,844.0,1.0,review123-state-capture,renders/review123-state-capture/390x844-text1.0/RM-001-room-owned-empty-normal-chair.json,renders/review123-state-capture/390x844-text1.0/RM-001-room-owned-empty-normal-chair.png,False,True
RM-001,RM-001-room-owned-error-normal-chair,chair,error,normal,390.0,844.0,1.0,review123-state-capture,renders/review123-state-capture/390x844-text1.0/RM-001-room-owned-error-normal-chair.json,renders/review123-state-capture/390x844-text1.0/RM-001-room-owned-error-normal-chair.png,False,True
RM-001,RM-001-room-owned-loading-normal-chair,chair,loading,normal,390.0,844.0,1.0,review123-state-capture,renders/review123-state-capture/390x844-text1.0/RM-001-room-owned-loading-normal-chair.json,renders/review123-state-capture/390x844-text1.0/RM-001-room-owned-loading-normal-chair.png,False,True
RM-002,RM-002-room-configuration-error-normal-ordinary,ordinary,error,normal,390.0,844.0,1.0,review123-state-capture,renders/review123-state-capture/390x844-text1.0/RM-002-room-configuration-error-normal-ordinary.json,renders/review123-state-capture/390x844-text1.0/RM-002-room-configuration-error-normal-ordinary.png,False,True
RM-002,RM-002-room-configuration-loading-normal-ordinary,ordinary,loading,normal,390.0,844.0,1.0,review123-state-capture,renders/review123-state-capture/390x844-text1.0/RM-002-room-configuration-loading-normal-ordinary.json,renders/review123-state-capture/390x844-text1.0/RM-002-room-configuration-loading-normal-ordinary.png,False,True
RM-003,RM-003-room-link-error-normal-ordinary,ordinary,error,normal,390.0,844.0,1.0,review123-state-capture,renders/review123-state-capture/390x844-text1.0/RM-003-room-link-error-normal-ordinary.json,renders/review123-state-capture/390x844-text1.0/RM-003-room-link-error-normal-ordinary.png,False,True
RM-003,RM-003-room-link-loading-normal-ordinary,ordinary,loading,normal,390.0,844.0,1.0,review123-state-capture,renders/review123-state-capture/390x844-text1.0/RM-003-room-link-loading-normal-ordinary.json,renders/review123-state-capture/390x844-text1.0/RM-003-room-link-loading-normal-ordinary.png,False,True
RM-004,RM-004-room-enter-error-normal-ordinary,ordinary,error,normal,390.0,844.0,1.0,review123-state-capture,renders/review123-state-capture/390x844-text1.0/RM-004-room-enter-error-normal-ordinary.json,renders/review123-state-capture/390x844-text1.0/RM-004-room-enter-error-normal-ordinary.png,False,True
RM-004,RM-004-room-enter-loading-normal-ordinary,ordinary,loading,normal,390.0,844.0,1.0,review123-state-capture,renders/review123-state-capture/390x844-text1.0/RM-004-room-enter-loading-normal-ordinary.json,renders/review123-state-capture/390x844-text1.0/RM-004-room-enter-loading-normal-ordinary.png,False,True
RM-006,RM-006-room-members-empty-normal-ordinary,ordinary,empty,normal,390.0,844.0,1.0,review123-state-capture,renders/review123-state-capture/390x844-text1.0/RM-006-room-members-empty-normal-ordinary.json,renders/review123-state-capture/390x844-text1.0/RM-006-room-members-empty-normal-ordinary.png,False,True
RM-006,RM-006-room-members-error-normal-ordinary,ordinary,error,normal,390.0,844.0,1.0,review123-state-capture,renders/review123-state-capture/390x844-text1.0/RM-006-room-members-error-normal-ordinary.json,renders/review123-state-capture/390x844-text1.0/RM-006-room-members-error-normal-ordinary.png,False,True
RM-006,RM-006-room-members-loading-normal-ordinary,ordinary,loading,normal,390.0,844.0,1.0,review123-state-capture,renders/review123-state-capture/390x844-text1.0/RM-006-room-members-loading-normal-ordinary.json,renders/review123-state-capture/390x844-text1.0/RM-006-room-members-loading-normal-ordinary.png,False,True
RM-007,RM-007-room-members-empty-normal-roomOwner,roomOwner,empty,normal,390.0,844.0,1.0,review123-state-capture,renders/review123-state-capture/390x844-text1.0/RM-007-room-members-empty-normal-roomOwner.json,renders/review123-state-capture/390x844-text1.0/RM-007-room-members-empty-normal-roomOwner.png,False,True
RM-007,RM-007-room-members-error-normal-roomOwner,roomOwner,error,normal,390.0,844.0,1.0,review123-state-capture,renders/review123-state-capture/390x844-text1.0/RM-007-room-members-error-normal-roomOwner.json,renders/review123-state-capture/390x844-text1.0/RM-007-room-members-error-normal-roomOwner.png,False,True
RM-007,RM-007-room-members-loading-normal-roomOwner,roomOwner,loading,normal,390.0,844.0,1.0,review123-state-capture,renders/review123-state-capture/390x844-text1.0/RM-007-room-members-loading-normal-roomOwner.json,renders/review123-state-capture/390x844-text1.0/RM-007-room-members-loading-normal-roomOwner.png,False,True
RM-008,RM-008-room-topic-empty-normal-ordinary,ordinary,empty,normal,390.0,844.0,1.0,review123-state-capture,renders/review123-state-capture/390x844-text1.0/RM-008-room-topic-empty-normal-ordinary.json,renders/review123-state-capture/390x844-text1.0/RM-008-room-topic-empty-normal-ordinary.png,False,True
RM-008,RM-008-room-topic-error-normal-ordinary,ordinary,error,normal,390.0,844.0,1.0,review123-state-capture,renders/review123-state-capture/390x844-text1.0/RM-008-room-topic-error-normal-ordinary.json,renders/review123-state-capture/390x844-text1.0/RM-008-room-topic-error-normal-ordinary.png,False,True
RM-008,RM-008-room-topic-loading-normal-ordinary,ordinary,loading,normal,390.0,844.0,1.0,review123-state-capture,renders/review123-state-capture/390x844-text1.0/RM-008-room-topic-loading-normal-ordinary.json,renders/review123-state-capture/390x844-text1.0/RM-008-room-topic-loading-normal-ordinary.png,False,True
SC-001,SC-001-community-home-empty-normal-ordinary,ordinary,empty,normal,390.0,844.0,1.0,review123-state-capture,renders/review123-state-capture/390x844-text1.0/SC-001-community-home-empty-normal-ordinary.json,renders/review123-state-capture/390x844-text1.0/SC-001-community-home-empty-normal-ordinary.png,False,True
SC-001,SC-001-community-home-error-normal-ordinary,ordinary,error,normal,390.0,844.0,1.0,review123-state-capture,renders/review123-state-capture/390x844-text1.0/SC-001-community-home-error-normal-ordinary.json,renders/review123-state-capture/390x844-text1.0/SC-001-community-home-error-normal-ordinary.png,False,True
SC-001,SC-001-community-home-loading-normal-ordinary,ordinary,loading,normal,390.0,844.0,1.0,review123-state-capture,renders/review123-state-capture/390x844-text1.0/SC-001-community-home-loading-normal-ordinary.json,renders/review123-state-capture/390x844-text1.0/SC-001-community-home-loading-normal-ordinary.png,False,True
SC-001,SC-001-community-home-normal-guild-authority-unknown-ordinary,ordinary,normal,guild-authority-unknown,390.0,844.0,1.0,review123-state-capture,renders/review123-state-capture/390x844-text1.0/SC-001-community-home-normal-guild-authority-unknown-ordinary.json,renders/review123-state-capture/390x844-text1.0/SC-001-community-home-normal-guild-authority-unknown-ordinary.png,False,True
SC-001,SC-001-community-home-normal-normal-anchor,anchor,normal,normal,390.0,844.0,1.0,review123-state-capture,renders/review123-state-capture/390x844-text1.0/SC-001-community-home-normal-normal-anchor.json,renders/review123-state-capture/390x844-text1.0/SC-001-community-home-normal-normal-anchor.png,False,True
SC-001,SC-001-community-home-normal-normal-chair,chair,normal,normal,390.0,844.0,1.0,review123-state-capture,renders/review123-state-capture/390x844-text1.0/SC-001-community-home-normal-normal-chair.json,renders/review123-state-capture/390x844-text1.0/SC-001-community-home-normal-normal-chair.png,False,True
SC-001,SC-001-community-home-normal-normal-ordinary,ordinary,normal,normal,390.0,844.0,1.0,review123-state-capture,renders/review123-state-capture/390x844-text1.0/SC-001-community-home-normal-normal-ordinary.json,renders/review123-state-capture/390x844-text1.0/SC-001-community-home-normal-normal-ordinary.png,False,True
SC-001,SC-001-detail-community-guild-normal-guild-closed-anchor,anchor,normal,guild-closed,390.0,844.0,1.0,review123-state-capture,renders/review123-state-capture/390x844-text1.0/SC-001-detail-community-guild-normal-guild-closed-anchor.json,renders/review123-state-capture/390x844-text1.0/SC-001-detail-community-guild-normal-guild-closed-anchor.png,False,True
SC-001,SC-001-detail-community-guild-normal-guild-closed-chair,chair,normal,guild-closed,390.0,844.0,1.0,review123-state-capture,renders/review123-state-capture/390x844-text1.0/SC-001-detail-community-guild-normal-guild-closed-chair.json,renders/review123-state-capture/390x844-text1.0/SC-001-detail-community-guild-normal-guild-closed-chair.png,False,True
SC-001,SC-001-detail-community-guild-normal-guild-closed-ordinary,ordinary,normal,guild-closed,390.0,844.0,1.0,review123-state-capture,renders/review123-state-capture/390x844-text1.0/SC-001-detail-community-guild-normal-guild-closed-ordinary.json,renders/review123-state-capture/390x844-text1.0/SC-001-detail-community-guild-normal-guild-closed-ordinary.png,False,True
SC-001,SC-001-detail-community-guild-normal-guild-pending-ordinary,ordinary,normal,guild-pending,390.0,844.0,1.0,review123-state-capture,renders/review123-state-capture/390x844-text1.0/SC-001-detail-community-guild-normal-guild-pending-ordinary.json,renders/review123-state-capture/390x844-text1.0/SC-001-detail-community-guild-normal-guild-pending-ordinary.png,False,True
SC-001,SC-001-detail-community-guild-normal-normal-anchor,anchor,normal,normal,390.0,844.0,1.0,review123-state-capture,renders/review123-state-capture/390x844-text1.0/SC-001-detail-community-guild-normal-normal-anchor.json,renders/review123-state-capture/390x844-text1.0/SC-001-detail-community-guild-normal-normal-anchor.png,False,True
SC-001,SC-001-detail-community-guild-normal-normal-chair,chair,normal,normal,390.0,844.0,1.0,review123-state-capture,renders/review123-state-capture/390x844-text1.0/SC-001-detail-community-guild-normal-normal-chair.json,renders/review123-state-capture/390x844-text1.0/SC-001-detail-community-guild-normal-normal-chair.png,False,True
SC-001,SC-001-detail-community-guild-normal-normal-ordinary,ordinary,normal,normal,390.0,844.0,1.0,review123-state-capture,renders/review123-state-capture/390x844-text1.0/SC-001-detail-community-guild-normal-normal-ordinary.json,renders/review123-state-capture/390x844-text1.0/SC-001-detail-community-guild-normal-normal-ordinary.png,False,True
SC-002,SC-002-community-members-empty-normal-chair,chair,empty,normal,390.0,844.0,1.0,review123-state-capture,renders/review123-state-capture/390x844-text1.0/SC-002-community-members-empty-normal-chair.json,renders/review123-state-capture/390x844-text1.0/SC-002-community-members-empty-normal-chair.png,False,True
SC-002,SC-002-community-members-error-normal-chair,chair,error,normal,390.0,844.0,1.0,review123-state-capture,renders/review123-state-capture/390x844-text1.0/SC-002-community-members-error-normal-chair.json,renders/review123-state-capture/390x844-text1.0/SC-002-community-members-error-normal-chair.png,False,True
SC-002,SC-002-community-members-loading-normal-chair,chair,loading,normal,390.0,844.0,1.0,review123-state-capture,renders/review123-state-capture/390x844-text1.0/SC-002-community-members-loading-normal-chair.json,renders/review123-state-capture/390x844-text1.0/SC-002-community-members-loading-normal-chair.png,False,True
SC-002,SC-002-community-members-normal-normal-anchor,anchor,normal,normal,390.0,844.0,1.0,review123-state-capture,renders/review123-state-capture/390x844-text1.0/SC-002-community-members-normal-normal-anchor.json,renders/review123-state-capture/390x844-text1.0/SC-002-community-members-normal-normal-anchor.png,False,True
SC-002,SC-002-community-members-normal-normal-chair,chair,normal,normal,390.0,844.0,1.0,review123-state-capture,renders/review123-state-capture/390x844-text1.0/SC-002-community-members-normal-normal-chair.json,renders/review123-state-capture/390x844-text1.0/SC-002-community-members-normal-normal-chair.png,False,True
SC-003,SC-003-community-invite-empty-normal-ordinary,ordinary,empty,normal,390.0,844.0,1.0,review123-state-capture,renders/review123-state-capture/390x844-text1.0/SC-003-community-invite-empty-normal-ordinary.json,renders/review123-state-capture/390x844-text1.0/SC-003-community-invite-empty-normal-ordinary.png,False,True
SC-003,SC-003-community-invite-error-normal-ordinary,ordinary,error,normal,390.0,844.0,1.0,review123-state-capture,renders/review123-state-capture/390x844-text1.0/SC-003-community-invite-error-normal-ordinary.json,renders/review123-state-capture/390x844-text1.0/SC-003-community-invite-error-normal-ordinary.png,False,True
SC-003,SC-003-community-invite-loading-normal-ordinary,ordinary,loading,normal,390.0,844.0,1.0,review123-state-capture,renders/review123-state-capture/390x844-text1.0/SC-003-community-invite-loading-normal-ordinary.json,renders/review123-state-capture/390x844-text1.0/SC-003-community-invite-loading-normal-ordinary.png,False,True
US-001,US-001-social-profile-error-normal-ordinary,ordinary,error,normal,390.0,844.0,1.0,review123-state-capture,renders/review123-state-capture/390x844-text1.0/US-001-social-profile-error-normal-ordinary.json,renders/review123-state-capture/390x844-text1.0/US-001-social-profile-error-normal-ordinary.png,False,True
US-001,US-001-social-profile-loading-normal-ordinary,ordinary,loading,normal,390.0,844.0,1.0,review123-state-capture,renders/review123-state-capture/390x844-text1.0/US-001-social-profile-loading-normal-ordinary.json,renders/review123-state-capture/390x844-text1.0/US-001-social-profile-loading-normal-ordinary.png,False,True
US-003,US-003-social-public-error-normal-ordinary,ordinary,error,normal,390.0,844.0,1.0,review123-state-capture,renders/review123-state-capture/390x844-text1.0/US-003-social-public-error-normal-ordinary.json,renders/review123-state-capture/390x844-text1.0/US-003-social-public-error-normal-ordinary.png,False,True
US-003,US-003-social-public-loading-normal-ordinary,ordinary,loading,normal,390.0,844.0,1.0,review123-state-capture,renders/review123-state-capture/390x844-text1.0/US-003-social-public-loading-normal-ordinary.json,renders/review123-state-capture/390x844-text1.0/US-003-social-public-loading-normal-ordinary.png,False,True
US-004,US-004-social-relations-empty-normal-ordinary,ordinary,empty,normal,390.0,844.0,1.0,review123-state-capture,renders/review123-state-capture/390x844-text1.0/US-004-social-relations-empty-normal-ordinary.json,renders/review123-state-capture/390x844-text1.0/US-004-social-relations-empty-normal-ordinary.png,False,True
US-004,US-004-social-relations-error-normal-ordinary,ordinary,error,normal,390.0,844.0,1.0,review123-state-capture,renders/review123-state-capture/390x844-text1.0/US-004-social-relations-error-normal-ordinary.json,renders/review123-state-capture/390x844-text1.0/US-004-social-relations-error-normal-ordinary.png,False,True
US-004,US-004-social-relations-loading-normal-ordinary,ordinary,loading,normal,390.0,844.0,1.0,review123-state-capture,renders/review123-state-capture/390x844-text1.0/US-004-social-relations-loading-normal-ordinary.json,renders/review123-state-capture/390x844-text1.0/US-004-social-relations-loading-normal-ordinary.png,False,True
US-006,US-006-social-visitors-empty-normal-ordinary,ordinary,empty,normal,390.0,844.0,1.0,review123-state-capture,renders/review123-state-capture/390x844-text1.0/US-006-social-visitors-empty-normal-ordinary.json,renders/review123-state-capture/390x844-text1.0/US-006-social-visitors-empty-normal-ordinary.png,False,True
US-006,US-006-social-visitors-error-normal-ordinary,ordinary,error,normal,390.0,844.0,1.0,review123-state-capture,renders/review123-state-capture/390x844-text1.0/US-006-social-visitors-error-normal-ordinary.json,renders/review123-state-capture/390x844-text1.0/US-006-social-visitors-error-normal-ordinary.png,False,True
US-006,US-006-social-visitors-loading-normal-ordinary,ordinary,loading,normal,390.0,844.0,1.0,review123-state-capture,renders/review123-state-capture/390x844-text1.0/US-006-social-visitors-loading-normal-ordinary.json,renders/review123-state-capture/390x844-text1.0/US-006-social-visitors-loading-normal-ordinary.png,False,True
US-007,US-007-social-blacklist-empty-normal-ordinary,ordinary,empty,normal,390.0,844.0,1.0,review123-state-capture,renders/review123-state-capture/390x844-text1.0/US-007-social-blacklist-empty-normal-ordinary.json,renders/review123-state-capture/390x844-text1.0/US-007-social-blacklist-empty-normal-ordinary.png,False,True
US-007,US-007-social-blacklist-error-normal-ordinary,ordinary,error,normal,390.0,844.0,1.0,review123-state-capture,renders/review123-state-capture/390x844-text1.0/US-007-social-blacklist-error-normal-ordinary.json,renders/review123-state-capture/390x844-text1.0/US-007-social-blacklist-error-normal-ordinary.png,False,True
US-007,US-007-social-blacklist-loading-normal-ordinary,ordinary,loading,normal,390.0,844.0,1.0,review123-state-capture,renders/review123-state-capture/390x844-text1.0/US-007-social-blacklist-loading-normal-ordinary.json,renders/review123-state-capture/390x844-text1.0/US-007-social-blacklist-loading-normal-ordinary.png,False,True
US-009,US-009-history-social-tickets-empty-normal-ordinary,ordinary,empty,normal,390.0,844.0,1.0,review123-state-capture,renders/review123-state-capture/390x844-text1.0/US-009-history-social-tickets-empty-normal-ordinary.json,renders/review123-state-capture/390x844-text1.0/US-009-history-social-tickets-empty-normal-ordinary.png,False,True
US-009,US-009-history-social-tickets-error-normal-ordinary,ordinary,error,normal,390.0,844.0,1.0,review123-state-capture,renders/review123-state-capture/390x844-text1.0/US-009-history-social-tickets-error-normal-ordinary.json,renders/review123-state-capture/390x844-text1.0/US-009-history-social-tickets-error-normal-ordinary.png,False,True
US-009,US-009-history-social-tickets-loading-normal-ordinary,ordinary,loading,normal,390.0,844.0,1.0,review123-state-capture,renders/review123-state-capture/390x844-text1.0/US-009-history-social-tickets-loading-normal-ordinary.json,renders/review123-state-capture/390x844-text1.0/US-009-history-social-tickets-loading-normal-ordinary.png,False,True
US-009,US-009-social-service-error-normal-ordinary,ordinary,error,normal,390.0,844.0,1.0,review123-state-capture,renders/review123-state-capture/390x844-text1.0/US-009-social-service-error-normal-ordinary.json,renders/review123-state-capture/390x844-text1.0/US-009-social-service-error-normal-ordinary.png,False,True
US-009,US-009-social-service-loading-normal-ordinary,ordinary,loading,normal,390.0,844.0,1.0,review123-state-capture,renders/review123-state-capture/390x844-text1.0/US-009-social-service-loading-normal-ordinary.json,renders/review123-state-capture/390x844-text1.0/US-009-social-service-loading-normal-ordinary.png,False,True
US-010,US-010-social-ticket-error-normal-ordinary,ordinary,error,normal,390.0,844.0,1.0,review123-state-capture,renders/review123-state-capture/390x844-text1.0/US-010-social-ticket-error-normal-ordinary.json,renders/review123-state-capture/390x844-text1.0/US-010-social-ticket-error-normal-ordinary.png,False,True
US-010,US-010-social-ticket-loading-normal-ordinary,ordinary,loading,normal,390.0,844.0,1.0,review123-state-capture,renders/review123-state-capture/390x844-text1.0/US-010-social-ticket-loading-normal-ordinary.json,renders/review123-state-capture/390x844-text1.0/US-010-social-ticket-loading-normal-ordinary.png,False,True
US-010,US-010-social-ticket-normal-ticket-closed-ordinary,ordinary,normal,ticket-closed,390.0,844.0,1.0,review123-state-capture,renders/review123-state-capture/390x844-text1.0/US-010-social-ticket-normal-ticket-closed-ordinary.json,renders/review123-state-capture/390x844-text1.0/US-010-social-ticket-normal-ticket-closed-ordinary.png,False,True
US-010,US-010-social-ticket-normal-ticket-resolved-ordinary,ordinary,normal,ticket-resolved,390.0,844.0,1.0,review123-state-capture,renders/review123-state-capture/390x844-text1.0/US-010-social-ticket-normal-ticket-resolved-ordinary.json,renders/review123-state-capture/390x844-text1.0/US-010-social-ticket-normal-ticket-resolved-ordinary.png,False,True
US-010,US-010-social-ticket-normal-ticket-waitingUser-ordinary,ordinary,normal,ticket-waitingUser,390.0,844.0,1.0,review123-state-capture,renders/review123-state-capture/390x844-text1.0/US-010-social-ticket-normal-ticket-waitingUser-ordinary.json,renders/review123-state-capture/390x844-text1.0/US-010-social-ticket-normal-ticket-waitingUser-ordinary.png,False,True
CM-003,CM-003-extra-android,see fixture/current page authority,android,,375.0,667.0,1.0,review123-final-supplement,renders/review123-final-supplement/375x667-text1.0/CM-003-extra-android.json,renders/review123-final-supplement/375x667-text1.0/CM-003-extra-android.png,False,True
CM-003,CM-003-extra-ios,see fixture/current page authority,ios,,375.0,667.0,1.0,review123-final-supplement,renders/review123-final-supplement/375x667-text1.0/CM-003-extra-ios.json,renders/review123-final-supplement/375x667-text1.0/CM-003-extra-ios.png,False,True
CM-003,CM-003-extra-unavailable,see fixture/current page authority,unavailable,,375.0,667.0,1.0,review123-final-supplement,renders/review123-final-supplement/375x667-text1.0/CM-003-extra-unavailable.json,renders/review123-final-supplement/375x667-text1.0/CM-003-extra-unavailable.png,False,True
CM-006,CM-006-extra-error,see fixture/current page authority,error,,375.0,667.0,1.0,review123-final-supplement,renders/review123-final-supplement/375x667-text1.0/CM-006-extra-error.json,renders/review123-final-supplement/375x667-text1.0/CM-006-extra-error.png,False,True
CM-006,CM-006-extra-loading,see fixture/current page authority,loading,,375.0,667.0,1.0,review123-final-supplement,renders/review123-final-supplement/375x667-text1.0/CM-006-extra-loading.json,renders/review123-final-supplement/375x667-text1.0/CM-006-extra-loading.png,False,True
CM-006,CM-006-extra-normal,see fixture/current page authority,normal,,375.0,667.0,1.0,review123-final-supplement,renders/review123-final-supplement/375x667-text1.0/CM-006-extra-normal.json,renders/review123-final-supplement/375x667-text1.0/CM-006-extra-normal.png,False,True
RM-010,RM-010-extra-denied,see fixture/current page authority,denied,,375.0,667.0,1.0,review123-final-supplement,renders/review123-final-supplement/375x667-text1.0/RM-010-extra-denied.json,renders/review123-final-supplement/375x667-text1.0/RM-010-extra-denied.png,False,True
RM-010,RM-010-extra-listener,see fixture/current page authority,listener,,375.0,667.0,1.0,review123-final-supplement,renders/review123-final-supplement/375x667-text1.0/RM-010-extra-listener.json,renders/review123-final-supplement/375x667-text1.0/RM-010-extra-listener.png,False,True
RM-010,RM-010-extra-loading,see fixture/current page authority,loading,,375.0,667.0,1.0,review123-final-supplement,renders/review123-final-supplement/375x667-text1.0/RM-010-extra-loading.json,renders/review123-final-supplement/375x667-text1.0/RM-010-extra-loading.png,False,True
RM-010,RM-010-extra-speaker,see fixture/current page authority,speaker,,375.0,667.0,1.0,review123-final-supplement,renders/review123-final-supplement/375x667-text1.0/RM-010-extra-speaker.json,renders/review123-final-supplement/375x667-text1.0/RM-010-extra-speaker.png,False,True
RM-010,RM-010-extra-unavailable,see fixture/current page authority,unavailable,,375.0,667.0,1.0,review123-final-supplement,renders/review123-final-supplement/375x667-text1.0/RM-010-extra-unavailable.json,renders/review123-final-supplement/375x667-text1.0/RM-010-extra-unavailable.png,False,True
RM-011,RM-011-extra-degraded,see fixture/current page authority,degraded,,375.0,667.0,1.0,review123-final-supplement,renders/review123-final-supplement/375x667-text1.0/RM-011-extra-degraded.json,renders/review123-final-supplement/375x667-text1.0/RM-011-extra-degraded.png,False,True
RM-011,RM-011-extra-reconnecting,see fixture/current page authority,reconnecting,,375.0,667.0,1.0,review123-final-supplement,renders/review123-final-supplement/375x667-text1.0/RM-011-extra-reconnecting.json,renders/review123-final-supplement/375x667-text1.0/RM-011-extra-reconnecting.png,False,True
RM-011,RM-011-extra-snapshot,see fixture/current page authority,snapshot,,375.0,667.0,1.0,review123-final-supplement,renders/review123-final-supplement/375x667-text1.0/RM-011-extra-snapshot.json,renders/review123-final-supplement/375x667-text1.0/RM-011-extra-snapshot.png,False,True
RM-013,RM-013-extra-empty,see fixture/current page authority,empty,,375.0,667.0,1.0,review123-final-supplement,renders/review123-final-supplement/375x667-text1.0/RM-013-extra-empty.json,renders/review123-final-supplement/375x667-text1.0/RM-013-extra-empty.png,False,True
RM-013,RM-013-extra-error,see fixture/current page authority,error,,375.0,667.0,1.0,review123-final-supplement,renders/review123-final-supplement/375x667-text1.0/RM-013-extra-error.json,renders/review123-final-supplement/375x667-text1.0/RM-013-extra-error.png,False,True
RM-013,RM-013-extra-loading,see fixture/current page authority,loading,,375.0,667.0,1.0,review123-final-supplement,renders/review123-final-supplement/375x667-text1.0/RM-013-extra-loading.json,renders/review123-final-supplement/375x667-text1.0/RM-013-extra-loading.png,False,True
RM-014,RM-014-extra-draw,see fixture/current page authority,draw,,375.0,667.0,1.0,review123-final-supplement,renders/review123-final-supplement/375x667-text1.0/RM-014-extra-draw.json,renders/review123-final-supplement/375x667-text1.0/RM-014-extra-draw.png,False,True
RM-014,RM-014-extra-fighting,see fixture/current page authority,fighting,,375.0,667.0,1.0,review123-final-supplement,renders/review123-final-supplement/375x667-text1.0/RM-014-extra-fighting.json,renders/review123-final-supplement/375x667-text1.0/RM-014-extra-fighting.png,False,True
RM-014,RM-014-extra-lose,see fixture/current page authority,lose,,375.0,667.0,1.0,review123-final-supplement,renders/review123-final-supplement/375x667-text1.0/RM-014-extra-lose.json,renders/review123-final-supplement/375x667-text1.0/RM-014-extra-lose.png,False,True
RM-014,RM-014-extra-settling,see fixture/current page authority,settling,,375.0,667.0,1.0,review123-final-supplement,renders/review123-final-supplement/375x667-text1.0/RM-014-extra-settling.json,renders/review123-final-supplement/375x667-text1.0/RM-014-extra-settling.png,False,True
RM-014,RM-014-extra-win,see fixture/current page authority,win,,375.0,667.0,1.0,review123-final-supplement,renders/review123-final-supplement/375x667-text1.0/RM-014-extra-win.json,renders/review123-final-supplement/375x667-text1.0/RM-014-extra-win.png,False,True
CM-003,CM-003-extra-android,see fixture/current page authority,android,,375.0,667.0,1.3,review123-final-supplement,renders/review123-final-supplement/375x667-text1.3/CM-003-extra-android.json,renders/review123-final-supplement/375x667-text1.3/CM-003-extra-android.png,False,True
CM-003,CM-003-extra-ios,see fixture/current page authority,ios,,375.0,667.0,1.3,review123-final-supplement,renders/review123-final-supplement/375x667-text1.3/CM-003-extra-ios.json,renders/review123-final-supplement/375x667-text1.3/CM-003-extra-ios.png,False,True
CM-003,CM-003-extra-unavailable,see fixture/current page authority,unavailable,,375.0,667.0,1.3,review123-final-supplement,renders/review123-final-supplement/375x667-text1.3/CM-003-extra-unavailable.json,renders/review123-final-supplement/375x667-text1.3/CM-003-extra-unavailable.png,False,True
CM-006,CM-006-extra-error,see fixture/current page authority,error,,375.0,667.0,1.3,review123-final-supplement,renders/review123-final-supplement/375x667-text1.3/CM-006-extra-error.json,renders/review123-final-supplement/375x667-text1.3/CM-006-extra-error.png,False,True
CM-006,CM-006-extra-loading,see fixture/current page authority,loading,,375.0,667.0,1.3,review123-final-supplement,renders/review123-final-supplement/375x667-text1.3/CM-006-extra-loading.json,renders/review123-final-supplement/375x667-text1.3/CM-006-extra-loading.png,False,True
CM-006,CM-006-extra-normal,see fixture/current page authority,normal,,375.0,667.0,1.3,review123-final-supplement,renders/review123-final-supplement/375x667-text1.3/CM-006-extra-normal.json,renders/review123-final-supplement/375x667-text1.3/CM-006-extra-normal.png,False,True
RM-010,RM-010-extra-denied,see fixture/current page authority,denied,,375.0,667.0,1.3,review123-final-supplement,renders/review123-final-supplement/375x667-text1.3/RM-010-extra-denied.json,renders/review123-final-supplement/375x667-text1.3/RM-010-extra-denied.png,False,True
RM-010,RM-010-extra-listener,see fixture/current page authority,listener,,375.0,667.0,1.3,review123-final-supplement,renders/review123-final-supplement/375x667-text1.3/RM-010-extra-listener.json,renders/review123-final-supplement/375x667-text1.3/RM-010-extra-listener.png,False,True
RM-010,RM-010-extra-loading,see fixture/current page authority,loading,,375.0,667.0,1.3,review123-final-supplement,renders/review123-final-supplement/375x667-text1.3/RM-010-extra-loading.json,renders/review123-final-supplement/375x667-text1.3/RM-010-extra-loading.png,False,True
RM-010,RM-010-extra-speaker,see fixture/current page authority,speaker,,375.0,667.0,1.3,review123-final-supplement,renders/review123-final-supplement/375x667-text1.3/RM-010-extra-speaker.json,renders/review123-final-supplement/375x667-text1.3/RM-010-extra-speaker.png,False,True
RM-010,RM-010-extra-unavailable,see fixture/current page authority,unavailable,,375.0,667.0,1.3,review123-final-supplement,renders/review123-final-supplement/375x667-text1.3/RM-010-extra-unavailable.json,renders/review123-final-supplement/375x667-text1.3/RM-010-extra-unavailable.png,False,True
RM-011,RM-011-extra-degraded,see fixture/current page authority,degraded,,375.0,667.0,1.3,review123-final-supplement,renders/review123-final-supplement/375x667-text1.3/RM-011-extra-degraded.json,renders/review123-final-supplement/375x667-text1.3/RM-011-extra-degraded.png,False,True
RM-011,RM-011-extra-reconnecting,see fixture/current page authority,reconnecting,,375.0,667.0,1.3,review123-final-supplement,renders/review123-final-supplement/375x667-text1.3/RM-011-extra-reconnecting.json,renders/review123-final-supplement/375x667-text1.3/RM-011-extra-reconnecting.png,False,True
RM-011,RM-011-extra-snapshot,see fixture/current page authority,snapshot,,375.0,667.0,1.3,review123-final-supplement,renders/review123-final-supplement/375x667-text1.3/RM-011-extra-snapshot.json,renders/review123-final-supplement/375x667-text1.3/RM-011-extra-snapshot.png,False,True
RM-013,RM-013-extra-empty,see fixture/current page authority,empty,,375.0,667.0,1.3,review123-final-supplement,renders/review123-final-supplement/375x667-text1.3/RM-013-extra-empty.json,renders/review123-final-supplement/375x667-text1.3/RM-013-extra-empty.png,False,True
RM-013,RM-013-extra-error,see fixture/current page authority,error,,375.0,667.0,1.3,review123-final-supplement,renders/review123-final-supplement/375x667-text1.3/RM-013-extra-error.json,renders/review123-final-supplement/375x667-text1.3/RM-013-extra-error.png,False,True
RM-013,RM-013-extra-loading,see fixture/current page authority,loading,,375.0,667.0,1.3,review123-final-supplement,renders/review123-final-supplement/375x667-text1.3/RM-013-extra-loading.json,renders/review123-final-supplement/375x667-text1.3/RM-013-extra-loading.png,False,True
RM-014,RM-014-extra-draw,see fixture/current page authority,draw,,375.0,667.0,1.3,review123-final-supplement,renders/review123-final-supplement/375x667-text1.3/RM-014-extra-draw.json,renders/review123-final-supplement/375x667-text1.3/RM-014-extra-draw.png,False,True
RM-014,RM-014-extra-fighting,see fixture/current page authority,fighting,,375.0,667.0,1.3,review123-final-supplement,renders/review123-final-supplement/375x667-text1.3/RM-014-extra-fighting.json,renders/review123-final-supplement/375x667-text1.3/RM-014-extra-fighting.png,False,True
RM-014,RM-014-extra-lose,see fixture/current page authority,lose,,375.0,667.0,1.3,review123-final-supplement,renders/review123-final-supplement/375x667-text1.3/RM-014-extra-lose.json,renders/review123-final-supplement/375x667-text1.3/RM-014-extra-lose.png,False,True
RM-014,RM-014-extra-settling,see fixture/current page authority,settling,,375.0,667.0,1.3,review123-final-supplement,renders/review123-final-supplement/375x667-text1.3/RM-014-extra-settling.json,renders/review123-final-supplement/375x667-text1.3/RM-014-extra-settling.png,False,True
RM-014,RM-014-extra-win,see fixture/current page authority,win,,375.0,667.0,1.3,review123-final-supplement,renders/review123-final-supplement/375x667-text1.3/RM-014-extra-win.json,renders/review123-final-supplement/375x667-text1.3/RM-014-extra-win.png,False,True
CM-003,CM-003-extra-android,see fixture/current page authority,android,,390.0,844.0,1.0,review123-final-supplement,renders/review123-final-supplement/390x844-text1.0/CM-003-extra-android.json,renders/review123-final-supplement/390x844-text1.0/CM-003-extra-android.png,False,True
CM-003,CM-003-extra-ios,see fixture/current page authority,ios,,390.0,844.0,1.0,review123-final-supplement,renders/review123-final-supplement/390x844-text1.0/CM-003-extra-ios.json,renders/review123-final-supplement/390x844-text1.0/CM-003-extra-ios.png,False,True
CM-003,CM-003-extra-unavailable,see fixture/current page authority,unavailable,,390.0,844.0,1.0,review123-final-supplement,renders/review123-final-supplement/390x844-text1.0/CM-003-extra-unavailable.json,renders/review123-final-supplement/390x844-text1.0/CM-003-extra-unavailable.png,False,True
CM-006,CM-006-extra-error,see fixture/current page authority,error,,390.0,844.0,1.0,review123-final-supplement,renders/review123-final-supplement/390x844-text1.0/CM-006-extra-error.json,renders/review123-final-supplement/390x844-text1.0/CM-006-extra-error.png,False,True
CM-006,CM-006-extra-loading,see fixture/current page authority,loading,,390.0,844.0,1.0,review123-final-supplement,renders/review123-final-supplement/390x844-text1.0/CM-006-extra-loading.json,renders/review123-final-supplement/390x844-text1.0/CM-006-extra-loading.png,False,True
CM-006,CM-006-extra-normal,see fixture/current page authority,normal,,390.0,844.0,1.0,review123-final-supplement,renders/review123-final-supplement/390x844-text1.0/CM-006-extra-normal.json,renders/review123-final-supplement/390x844-text1.0/CM-006-extra-normal.png,False,True
RM-010,RM-010-extra-denied,see fixture/current page authority,denied,,390.0,844.0,1.0,review123-final-supplement,renders/review123-final-supplement/390x844-text1.0/RM-010-extra-denied.json,renders/review123-final-supplement/390x844-text1.0/RM-010-extra-denied.png,False,True
RM-010,RM-010-extra-listener,see fixture/current page authority,listener,,390.0,844.0,1.0,review123-final-supplement,renders/review123-final-supplement/390x844-text1.0/RM-010-extra-listener.json,renders/review123-final-supplement/390x844-text1.0/RM-010-extra-listener.png,False,True
RM-010,RM-010-extra-loading,see fixture/current page authority,loading,,390.0,844.0,1.0,review123-final-supplement,renders/review123-final-supplement/390x844-text1.0/RM-010-extra-loading.json,renders/review123-final-supplement/390x844-text1.0/RM-010-extra-loading.png,False,True
RM-010,RM-010-extra-speaker,see fixture/current page authority,speaker,,390.0,844.0,1.0,review123-final-supplement,renders/review123-final-supplement/390x844-text1.0/RM-010-extra-speaker.json,renders/review123-final-supplement/390x844-text1.0/RM-010-extra-speaker.png,False,True
RM-010,RM-010-extra-unavailable,see fixture/current page authority,unavailable,,390.0,844.0,1.0,review123-final-supplement,renders/review123-final-supplement/390x844-text1.0/RM-010-extra-unavailable.json,renders/review123-final-supplement/390x844-text1.0/RM-010-extra-unavailable.png,False,True
RM-011,RM-011-extra-degraded,see fixture/current page authority,degraded,,390.0,844.0,1.0,review123-final-supplement,renders/review123-final-supplement/390x844-text1.0/RM-011-extra-degraded.json,renders/review123-final-supplement/390x844-text1.0/RM-011-extra-degraded.png,False,True
RM-011,RM-011-extra-reconnecting,see fixture/current page authority,reconnecting,,390.0,844.0,1.0,review123-final-supplement,renders/review123-final-supplement/390x844-text1.0/RM-011-extra-reconnecting.json,renders/review123-final-supplement/390x844-text1.0/RM-011-extra-reconnecting.png,False,True
RM-011,RM-011-extra-snapshot,see fixture/current page authority,snapshot,,390.0,844.0,1.0,review123-final-supplement,renders/review123-final-supplement/390x844-text1.0/RM-011-extra-snapshot.json,renders/review123-final-supplement/390x844-text1.0/RM-011-extra-snapshot.png,False,True
RM-013,RM-013-extra-empty,see fixture/current page authority,empty,,390.0,844.0,1.0,review123-final-supplement,renders/review123-final-supplement/390x844-text1.0/RM-013-extra-empty.json,renders/review123-final-supplement/390x844-text1.0/RM-013-extra-empty.png,False,True
RM-013,RM-013-extra-error,see fixture/current page authority,error,,390.0,844.0,1.0,review123-final-supplement,renders/review123-final-supplement/390x844-text1.0/RM-013-extra-error.json,renders/review123-final-supplement/390x844-text1.0/RM-013-extra-error.png,False,True
RM-013,RM-013-extra-loading,see fixture/current page authority,loading,,390.0,844.0,1.0,review123-final-supplement,renders/review123-final-supplement/390x844-text1.0/RM-013-extra-loading.json,renders/review123-final-supplement/390x844-text1.0/RM-013-extra-loading.png,False,True
RM-014,RM-014-extra-draw,see fixture/current page authority,draw,,390.0,844.0,1.0,review123-final-supplement,renders/review123-final-supplement/390x844-text1.0/RM-014-extra-draw.json,renders/review123-final-supplement/390x844-text1.0/RM-014-extra-draw.png,False,True
RM-014,RM-014-extra-fighting,see fixture/current page authority,fighting,,390.0,844.0,1.0,review123-final-supplement,renders/review123-final-supplement/390x844-text1.0/RM-014-extra-fighting.json,renders/review123-final-supplement/390x844-text1.0/RM-014-extra-fighting.png,False,True
RM-014,RM-014-extra-lose,see fixture/current page authority,lose,,390.0,844.0,1.0,review123-final-supplement,renders/review123-final-supplement/390x844-text1.0/RM-014-extra-lose.json,renders/review123-final-supplement/390x844-text1.0/RM-014-extra-lose.png,False,True
RM-014,RM-014-extra-settling,see fixture/current page authority,settling,,390.0,844.0,1.0,review123-final-supplement,renders/review123-final-supplement/390x844-text1.0/RM-014-extra-settling.json,renders/review123-final-supplement/390x844-text1.0/RM-014-extra-settling.png,False,True
RM-014,RM-014-extra-win,see fixture/current page authority,win,,390.0,844.0,1.0,review123-final-supplement,renders/review123-final-supplement/390x844-text1.0/RM-014-extra-win.json,renders/review123-final-supplement/390x844-text1.0/RM-014-extra-win.png,False,True
CM-003,CM-003-extra-android,see fixture/current page authority,android,,390.0,844.0,1.3,review123-final-supplement,renders/review123-final-supplement/390x844-text1.3/CM-003-extra-android.json,renders/review123-final-supplement/390x844-text1.3/CM-003-extra-android.png,False,True
CM-003,CM-003-extra-ios,see fixture/current page authority,ios,,390.0,844.0,1.3,review123-final-supplement,renders/review123-final-supplement/390x844-text1.3/CM-003-extra-ios.json,renders/review123-final-supplement/390x844-text1.3/CM-003-extra-ios.png,False,True
CM-003,CM-003-extra-unavailable,see fixture/current page authority,unavailable,,390.0,844.0,1.3,review123-final-supplement,renders/review123-final-supplement/390x844-text1.3/CM-003-extra-unavailable.json,renders/review123-final-supplement/390x844-text1.3/CM-003-extra-unavailable.png,False,True
CM-006,CM-006-extra-error,see fixture/current page authority,error,,390.0,844.0,1.3,review123-final-supplement,renders/review123-final-supplement/390x844-text1.3/CM-006-extra-error.json,renders/review123-final-supplement/390x844-text1.3/CM-006-extra-error.png,False,True
CM-006,CM-006-extra-loading,see fixture/current page authority,loading,,390.0,844.0,1.3,review123-final-supplement,renders/review123-final-supplement/390x844-text1.3/CM-006-extra-loading.json,renders/review123-final-supplement/390x844-text1.3/CM-006-extra-loading.png,False,True
CM-006,CM-006-extra-normal,see fixture/current page authority,normal,,390.0,844.0,1.3,review123-final-supplement,renders/review123-final-supplement/390x844-text1.3/CM-006-extra-normal.json,renders/review123-final-supplement/390x844-text1.3/CM-006-extra-normal.png,False,True
RM-010,RM-010-extra-denied,see fixture/current page authority,denied,,390.0,844.0,1.3,review123-final-supplement,renders/review123-final-supplement/390x844-text1.3/RM-010-extra-denied.json,renders/review123-final-supplement/390x844-text1.3/RM-010-extra-denied.png,False,True
RM-010,RM-010-extra-listener,see fixture/current page authority,listener,,390.0,844.0,1.3,review123-final-supplement,renders/review123-final-supplement/390x844-text1.3/RM-010-extra-listener.json,renders/review123-final-supplement/390x844-text1.3/RM-010-extra-listener.png,False,True
RM-010,RM-010-extra-loading,see fixture/current page authority,loading,,390.0,844.0,1.3,review123-final-supplement,renders/review123-final-supplement/390x844-text1.3/RM-010-extra-loading.json,renders/review123-final-supplement/390x844-text1.3/RM-010-extra-loading.png,False,True
RM-010,RM-010-extra-speaker,see fixture/current page authority,speaker,,390.0,844.0,1.3,review123-final-supplement,renders/review123-final-supplement/390x844-text1.3/RM-010-extra-speaker.json,renders/review123-final-supplement/390x844-text1.3/RM-010-extra-speaker.png,False,True
RM-010,RM-010-extra-unavailable,see fixture/current page authority,unavailable,,390.0,844.0,1.3,review123-final-supplement,renders/review123-final-supplement/390x844-text1.3/RM-010-extra-unavailable.json,renders/review123-final-supplement/390x844-text1.3/RM-010-extra-unavailable.png,False,True
RM-011,RM-011-extra-degraded,see fixture/current page authority,degraded,,390.0,844.0,1.3,review123-final-supplement,renders/review123-final-supplement/390x844-text1.3/RM-011-extra-degraded.json,renders/review123-final-supplement/390x844-text1.3/RM-011-extra-degraded.png,False,True
RM-011,RM-011-extra-reconnecting,see fixture/current page authority,reconnecting,,390.0,844.0,1.3,review123-final-supplement,renders/review123-final-supplement/390x844-text1.3/RM-011-extra-reconnecting.json,renders/review123-final-supplement/390x844-text1.3/RM-011-extra-reconnecting.png,False,True
RM-011,RM-011-extra-snapshot,see fixture/current page authority,snapshot,,390.0,844.0,1.3,review123-final-supplement,renders/review123-final-supplement/390x844-text1.3/RM-011-extra-snapshot.json,renders/review123-final-supplement/390x844-text1.3/RM-011-extra-snapshot.png,False,True
RM-013,RM-013-extra-empty,see fixture/current page authority,empty,,390.0,844.0,1.3,review123-final-supplement,renders/review123-final-supplement/390x844-text1.3/RM-013-extra-empty.json,renders/review123-final-supplement/390x844-text1.3/RM-013-extra-empty.png,False,True
RM-013,RM-013-extra-error,see fixture/current page authority,error,,390.0,844.0,1.3,review123-final-supplement,renders/review123-final-supplement/390x844-text1.3/RM-013-extra-error.json,renders/review123-final-supplement/390x844-text1.3/RM-013-extra-error.png,False,True
RM-013,RM-013-extra-loading,see fixture/current page authority,loading,,390.0,844.0,1.3,review123-final-supplement,renders/review123-final-supplement/390x844-text1.3/RM-013-extra-loading.json,renders/review123-final-supplement/390x844-text1.3/RM-013-extra-loading.png,False,True
RM-014,RM-014-extra-draw,see fixture/current page authority,draw,,390.0,844.0,1.3,review123-final-supplement,renders/review123-final-supplement/390x844-text1.3/RM-014-extra-draw.json,renders/review123-final-supplement/390x844-text1.3/RM-014-extra-draw.png,False,True
RM-014,RM-014-extra-fighting,see fixture/current page authority,fighting,,390.0,844.0,1.3,review123-final-supplement,renders/review123-final-supplement/390x844-text1.3/RM-014-extra-fighting.json,renders/review123-final-supplement/390x844-text1.3/RM-014-extra-fighting.png,False,True
RM-014,RM-014-extra-lose,see fixture/current page authority,lose,,390.0,844.0,1.3,review123-final-supplement,renders/review123-final-supplement/390x844-text1.3/RM-014-extra-lose.json,renders/review123-final-supplement/390x844-text1.3/RM-014-extra-lose.png,False,True
RM-014,RM-014-extra-settling,see fixture/current page authority,settling,,390.0,844.0,1.3,review123-final-supplement,renders/review123-final-supplement/390x844-text1.3/RM-014-extra-settling.json,renders/review123-final-supplement/390x844-text1.3/RM-014-extra-settling.png,False,True
RM-014,RM-014-extra-win,see fixture/current page authority,win,,390.0,844.0,1.3,review123-final-supplement,renders/review123-final-supplement/390x844-text1.3/RM-014-extra-win.json,renders/review123-final-supplement/390x844-text1.3/RM-014-extra-win.png,False,True
CM-003,CM-003-extra-android,see fixture/current page authority,android,,402.0,874.0,1.0,review123-final-supplement,renders/review123-final-supplement/402x874-text1.0/CM-003-extra-android.json,renders/review123-final-supplement/402x874-text1.0/CM-003-extra-android.png,False,True
CM-003,CM-003-extra-ios,see fixture/current page authority,ios,,402.0,874.0,1.0,review123-final-supplement,renders/review123-final-supplement/402x874-text1.0/CM-003-extra-ios.json,renders/review123-final-supplement/402x874-text1.0/CM-003-extra-ios.png,False,True
CM-003,CM-003-extra-unavailable,see fixture/current page authority,unavailable,,402.0,874.0,1.0,review123-final-supplement,renders/review123-final-supplement/402x874-text1.0/CM-003-extra-unavailable.json,renders/review123-final-supplement/402x874-text1.0/CM-003-extra-unavailable.png,False,True
CM-006,CM-006-extra-error,see fixture/current page authority,error,,402.0,874.0,1.0,review123-final-supplement,renders/review123-final-supplement/402x874-text1.0/CM-006-extra-error.json,renders/review123-final-supplement/402x874-text1.0/CM-006-extra-error.png,False,True
CM-006,CM-006-extra-loading,see fixture/current page authority,loading,,402.0,874.0,1.0,review123-final-supplement,renders/review123-final-supplement/402x874-text1.0/CM-006-extra-loading.json,renders/review123-final-supplement/402x874-text1.0/CM-006-extra-loading.png,False,True
CM-006,CM-006-extra-normal,see fixture/current page authority,normal,,402.0,874.0,1.0,review123-final-supplement,renders/review123-final-supplement/402x874-text1.0/CM-006-extra-normal.json,renders/review123-final-supplement/402x874-text1.0/CM-006-extra-normal.png,False,True
RM-010,RM-010-extra-denied,see fixture/current page authority,denied,,402.0,874.0,1.0,review123-final-supplement,renders/review123-final-supplement/402x874-text1.0/RM-010-extra-denied.json,renders/review123-final-supplement/402x874-text1.0/RM-010-extra-denied.png,False,True
RM-010,RM-010-extra-listener,see fixture/current page authority,listener,,402.0,874.0,1.0,review123-final-supplement,renders/review123-final-supplement/402x874-text1.0/RM-010-extra-listener.json,renders/review123-final-supplement/402x874-text1.0/RM-010-extra-listener.png,False,True
RM-010,RM-010-extra-loading,see fixture/current page authority,loading,,402.0,874.0,1.0,review123-final-supplement,renders/review123-final-supplement/402x874-text1.0/RM-010-extra-loading.json,renders/review123-final-supplement/402x874-text1.0/RM-010-extra-loading.png,False,True
RM-010,RM-010-extra-speaker,see fixture/current page authority,speaker,,402.0,874.0,1.0,review123-final-supplement,renders/review123-final-supplement/402x874-text1.0/RM-010-extra-speaker.json,renders/review123-final-supplement/402x874-text1.0/RM-010-extra-speaker.png,False,True
RM-010,RM-010-extra-unavailable,see fixture/current page authority,unavailable,,402.0,874.0,1.0,review123-final-supplement,renders/review123-final-supplement/402x874-text1.0/RM-010-extra-unavailable.json,renders/review123-final-supplement/402x874-text1.0/RM-010-extra-unavailable.png,False,True
RM-011,RM-011-extra-degraded,see fixture/current page authority,degraded,,402.0,874.0,1.0,review123-final-supplement,renders/review123-final-supplement/402x874-text1.0/RM-011-extra-degraded.json,renders/review123-final-supplement/402x874-text1.0/RM-011-extra-degraded.png,False,True
RM-011,RM-011-extra-reconnecting,see fixture/current page authority,reconnecting,,402.0,874.0,1.0,review123-final-supplement,renders/review123-final-supplement/402x874-text1.0/RM-011-extra-reconnecting.json,renders/review123-final-supplement/402x874-text1.0/RM-011-extra-reconnecting.png,False,True
RM-011,RM-011-extra-snapshot,see fixture/current page authority,snapshot,,402.0,874.0,1.0,review123-final-supplement,renders/review123-final-supplement/402x874-text1.0/RM-011-extra-snapshot.json,renders/review123-final-supplement/402x874-text1.0/RM-011-extra-snapshot.png,False,True
RM-013,RM-013-extra-empty,see fixture/current page authority,empty,,402.0,874.0,1.0,review123-final-supplement,renders/review123-final-supplement/402x874-text1.0/RM-013-extra-empty.json,renders/review123-final-supplement/402x874-text1.0/RM-013-extra-empty.png,False,True
RM-013,RM-013-extra-error,see fixture/current page authority,error,,402.0,874.0,1.0,review123-final-supplement,renders/review123-final-supplement/402x874-text1.0/RM-013-extra-error.json,renders/review123-final-supplement/402x874-text1.0/RM-013-extra-error.png,False,True
RM-013,RM-013-extra-loading,see fixture/current page authority,loading,,402.0,874.0,1.0,review123-final-supplement,renders/review123-final-supplement/402x874-text1.0/RM-013-extra-loading.json,renders/review123-final-supplement/402x874-text1.0/RM-013-extra-loading.png,False,True
RM-014,RM-014-extra-draw,see fixture/current page authority,draw,,402.0,874.0,1.0,review123-final-supplement,renders/review123-final-supplement/402x874-text1.0/RM-014-extra-draw.json,renders/review123-final-supplement/402x874-text1.0/RM-014-extra-draw.png,False,True
RM-014,RM-014-extra-fighting,see fixture/current page authority,fighting,,402.0,874.0,1.0,review123-final-supplement,renders/review123-final-supplement/402x874-text1.0/RM-014-extra-fighting.json,renders/review123-final-supplement/402x874-text1.0/RM-014-extra-fighting.png,False,True
RM-014,RM-014-extra-lose,see fixture/current page authority,lose,,402.0,874.0,1.0,review123-final-supplement,renders/review123-final-supplement/402x874-text1.0/RM-014-extra-lose.json,renders/review123-final-supplement/402x874-text1.0/RM-014-extra-lose.png,False,True
RM-014,RM-014-extra-settling,see fixture/current page authority,settling,,402.0,874.0,1.0,review123-final-supplement,renders/review123-final-supplement/402x874-text1.0/RM-014-extra-settling.json,renders/review123-final-supplement/402x874-text1.0/RM-014-extra-settling.png,False,True
RM-014,RM-014-extra-win,see fixture/current page authority,win,,402.0,874.0,1.0,review123-final-supplement,renders/review123-final-supplement/402x874-text1.0/RM-014-extra-win.json,renders/review123-final-supplement/402x874-text1.0/RM-014-extra-win.png,False,True
CM-003,CM-003-extra-android,see fixture/current page authority,android,,402.0,874.0,1.3,review123-final-supplement,renders/review123-final-supplement/402x874-text1.3/CM-003-extra-android.json,renders/review123-final-supplement/402x874-text1.3/CM-003-extra-android.png,False,True
CM-003,CM-003-extra-ios,see fixture/current page authority,ios,,402.0,874.0,1.3,review123-final-supplement,renders/review123-final-supplement/402x874-text1.3/CM-003-extra-ios.json,renders/review123-final-supplement/402x874-text1.3/CM-003-extra-ios.png,False,True
CM-003,CM-003-extra-unavailable,see fixture/current page authority,unavailable,,402.0,874.0,1.3,review123-final-supplement,renders/review123-final-supplement/402x874-text1.3/CM-003-extra-unavailable.json,renders/review123-final-supplement/402x874-text1.3/CM-003-extra-unavailable.png,False,True
CM-006,CM-006-extra-error,see fixture/current page authority,error,,402.0,874.0,1.3,review123-final-supplement,renders/review123-final-supplement/402x874-text1.3/CM-006-extra-error.json,renders/review123-final-supplement/402x874-text1.3/CM-006-extra-error.png,False,True
CM-006,CM-006-extra-loading,see fixture/current page authority,loading,,402.0,874.0,1.3,review123-final-supplement,renders/review123-final-supplement/402x874-text1.3/CM-006-extra-loading.json,renders/review123-final-supplement/402x874-text1.3/CM-006-extra-loading.png,False,True
CM-006,CM-006-extra-normal,see fixture/current page authority,normal,,402.0,874.0,1.3,review123-final-supplement,renders/review123-final-supplement/402x874-text1.3/CM-006-extra-normal.json,renders/review123-final-supplement/402x874-text1.3/CM-006-extra-normal.png,False,True
RM-010,RM-010-extra-denied,see fixture/current page authority,denied,,402.0,874.0,1.3,review123-final-supplement,renders/review123-final-supplement/402x874-text1.3/RM-010-extra-denied.json,renders/review123-final-supplement/402x874-text1.3/RM-010-extra-denied.png,False,True
RM-010,RM-010-extra-listener,see fixture/current page authority,listener,,402.0,874.0,1.3,review123-final-supplement,renders/review123-final-supplement/402x874-text1.3/RM-010-extra-listener.json,renders/review123-final-supplement/402x874-text1.3/RM-010-extra-listener.png,False,True
RM-010,RM-010-extra-loading,see fixture/current page authority,loading,,402.0,874.0,1.3,review123-final-supplement,renders/review123-final-supplement/402x874-text1.3/RM-010-extra-loading.json,renders/review123-final-supplement/402x874-text1.3/RM-010-extra-loading.png,False,True
RM-010,RM-010-extra-speaker,see fixture/current page authority,speaker,,402.0,874.0,1.3,review123-final-supplement,renders/review123-final-supplement/402x874-text1.3/RM-010-extra-speaker.json,renders/review123-final-supplement/402x874-text1.3/RM-010-extra-speaker.png,False,True
RM-010,RM-010-extra-unavailable,see fixture/current page authority,unavailable,,402.0,874.0,1.3,review123-final-supplement,renders/review123-final-supplement/402x874-text1.3/RM-010-extra-unavailable.json,renders/review123-final-supplement/402x874-text1.3/RM-010-extra-unavailable.png,False,True
RM-011,RM-011-extra-degraded,see fixture/current page authority,degraded,,402.0,874.0,1.3,review123-final-supplement,renders/review123-final-supplement/402x874-text1.3/RM-011-extra-degraded.json,renders/review123-final-supplement/402x874-text1.3/RM-011-extra-degraded.png,False,True
RM-011,RM-011-extra-reconnecting,see fixture/current page authority,reconnecting,,402.0,874.0,1.3,review123-final-supplement,renders/review123-final-supplement/402x874-text1.3/RM-011-extra-reconnecting.json,renders/review123-final-supplement/402x874-text1.3/RM-011-extra-reconnecting.png,False,True
RM-011,RM-011-extra-snapshot,see fixture/current page authority,snapshot,,402.0,874.0,1.3,review123-final-supplement,renders/review123-final-supplement/402x874-text1.3/RM-011-extra-snapshot.json,renders/review123-final-supplement/402x874-text1.3/RM-011-extra-snapshot.png,False,True
RM-013,RM-013-extra-empty,see fixture/current page authority,empty,,402.0,874.0,1.3,review123-final-supplement,renders/review123-final-supplement/402x874-text1.3/RM-013-extra-empty.json,renders/review123-final-supplement/402x874-text1.3/RM-013-extra-empty.png,False,True
RM-013,RM-013-extra-error,see fixture/current page authority,error,,402.0,874.0,1.3,review123-final-supplement,renders/review123-final-supplement/402x874-text1.3/RM-013-extra-error.json,renders/review123-final-supplement/402x874-text1.3/RM-013-extra-error.png,False,True
RM-013,RM-013-extra-loading,see fixture/current page authority,loading,,402.0,874.0,1.3,review123-final-supplement,renders/review123-final-supplement/402x874-text1.3/RM-013-extra-loading.json,renders/review123-final-supplement/402x874-text1.3/RM-013-extra-loading.png,False,True
RM-014,RM-014-extra-draw,see fixture/current page authority,draw,,402.0,874.0,1.3,review123-final-supplement,renders/review123-final-supplement/402x874-text1.3/RM-014-extra-draw.json,renders/review123-final-supplement/402x874-text1.3/RM-014-extra-draw.png,False,True
RM-014,RM-014-extra-fighting,see fixture/current page authority,fighting,,402.0,874.0,1.3,review123-final-supplement,renders/review123-final-supplement/402x874-text1.3/RM-014-extra-fighting.json,renders/review123-final-supplement/402x874-text1.3/RM-014-extra-fighting.png,False,True
RM-014,RM-014-extra-lose,see fixture/current page authority,lose,,402.0,874.0,1.3,review123-final-supplement,renders/review123-final-supplement/402x874-text1.3/RM-014-extra-lose.json,renders/review123-final-supplement/402x874-text1.3/RM-014-extra-lose.png,False,True
RM-014,RM-014-extra-settling,see fixture/current page authority,settling,,402.0,874.0,1.3,review123-final-supplement,renders/review123-final-supplement/402x874-text1.3/RM-014-extra-settling.json,renders/review123-final-supplement/402x874-text1.3/RM-014-extra-settling.png,False,True
RM-014,RM-014-extra-win,see fixture/current page authority,win,,402.0,874.0,1.3,review123-final-supplement,renders/review123-final-supplement/402x874-text1.3/RM-014-extra-win.json,renders/review123-final-supplement/402x874-text1.3/RM-014-extra-win.png,False,True
AC-001,AC-001-recovery-busy,see fixture/current page authority,default,recovery-busy,375.0,667.0,1.0,review123-final-interactions,renders/review123-final-interactions/375x667-text1.0/AC-001-recovery-busy.json,renders/review123-final-interactions/375x667-text1.0/AC-001-recovery-busy.png,False,True
AC-001,AC-001-recovery-error,see fixture/current page authority,default,recovery-error,375.0,667.0,1.0,review123-final-interactions,renders/review123-final-interactions/375x667-text1.0/AC-001-recovery-error.json,renders/review123-final-interactions/375x667-text1.0/AC-001-recovery-error.png,False,True
AC-001,AC-001-restore,see fixture/current page authority,default,restore,375.0,667.0,1.0,review123-final-interactions,renders/review123-final-interactions/375x667-text1.0/AC-001-restore.json,renders/review123-final-interactions/375x667-text1.0/AC-001-restore.png,False,True
AC-002,AC-002-agreement-sheet,see fixture/current page authority,default,agreement-sheet,375.0,667.0,1.0,review123-final-interactions,renders/review123-final-interactions/375x667-text1.0/AC-002-agreement-sheet.json,renders/review123-final-interactions/375x667-text1.0/AC-002-agreement-sheet.png,False,True
AC-002,AC-002-consent-ready,see fixture/current page authority,default,consent-ready,375.0,667.0,1.0,review123-final-interactions,renders/review123-final-interactions/375x667-text1.0/AC-002-consent-ready.json,renders/review123-final-interactions/375x667-text1.0/AC-002-consent-ready.png,False,True
AC-002,AC-002-privacy-sheet,see fixture/current page authority,default,privacy-sheet,375.0,667.0,1.0,review123-final-interactions,renders/review123-final-interactions/375x667-text1.0/AC-002-privacy-sheet.json,renders/review123-final-interactions/375x667-text1.0/AC-002-privacy-sheet.png,False,True
AC-003,AC-003-login-validation,see fixture/current page authority,default,login-validation,375.0,667.0,1.0,review123-final-interactions,renders/review123-final-interactions/375x667-text1.0/AC-003-login-validation.json,renders/review123-final-interactions/375x667-text1.0/AC-003-login-validation.png,False,True
AC-003,AC-003-registration-validation,see fixture/current page authority,default,registration-validation,375.0,667.0,1.0,review123-final-interactions,renders/review123-final-interactions/375x667-text1.0/AC-003-registration-validation.json,renders/review123-final-interactions/375x667-text1.0/AC-003-registration-validation.png,False,True
DS-006,DS-006-publish-validation,see fixture/current page authority,default,publish-validation,375.0,667.0,1.0,review123-final-interactions,renders/review123-final-interactions/375x667-text1.0/DS-006-publish-validation.json,renders/review123-final-interactions/375x667-text1.0/DS-006-publish-validation.png,False,True
DS-007,DS-007-ranking-room,see fixture/current page authority,default,ranking-room,375.0,667.0,1.0,review123-final-interactions,renders/review123-final-interactions/375x667-text1.0/DS-007-ranking-room.json,renders/review123-final-interactions/375x667-text1.0/DS-007-ranking-room.png,False,True
DS-007,DS-007-ranking-wealth,see fixture/current page authority,default,ranking-wealth,375.0,667.0,1.0,review123-final-interactions,renders/review123-final-interactions/375x667-text1.0/DS-007-ranking-wealth.json,renders/review123-final-interactions/375x667-text1.0/DS-007-ranking-wealth.png,False,True
US-002,US-002-profile-validation,see fixture/current page authority,default,profile-validation,375.0,667.0,1.0,review123-final-interactions,renders/review123-final-interactions/375x667-text1.0/US-002-profile-validation.json,renders/review123-final-interactions/375x667-text1.0/US-002-profile-validation.png,False,True
US-003,US-003-block-confirmation,see fixture/current page authority,default,block-confirmation,375.0,667.0,1.0,review123-final-interactions,renders/review123-final-interactions/375x667-text1.0/US-003-block-confirmation.json,renders/review123-final-interactions/375x667-text1.0/US-003-block-confirmation.png,False,True
US-008,US-008-report-validation,see fixture/current page authority,default,report-validation,375.0,667.0,1.0,review123-final-interactions,renders/review123-final-interactions/375x667-text1.0/US-008-report-validation.json,renders/review123-final-interactions/375x667-text1.0/US-008-report-validation.png,False,True
US-009,US-009-feedback-disabled,see fixture/current page authority,default,feedback-disabled,375.0,667.0,1.0,review123-final-interactions,renders/review123-final-interactions/375x667-text1.0/US-009-feedback-disabled.json,renders/review123-final-interactions/375x667-text1.0/US-009-feedback-disabled.png,False,True
AC-001,AC-001-recovery-busy,see fixture/current page authority,default,recovery-busy,375.0,667.0,1.3,review123-final-interactions,renders/review123-final-interactions/375x667-text1.3/AC-001-recovery-busy.json,renders/review123-final-interactions/375x667-text1.3/AC-001-recovery-busy.png,False,True
AC-001,AC-001-recovery-error,see fixture/current page authority,default,recovery-error,375.0,667.0,1.3,review123-final-interactions,renders/review123-final-interactions/375x667-text1.3/AC-001-recovery-error.json,renders/review123-final-interactions/375x667-text1.3/AC-001-recovery-error.png,False,True
AC-001,AC-001-restore,see fixture/current page authority,default,restore,375.0,667.0,1.3,review123-final-interactions,renders/review123-final-interactions/375x667-text1.3/AC-001-restore.json,renders/review123-final-interactions/375x667-text1.3/AC-001-restore.png,False,True
AC-002,AC-002-agreement-sheet,see fixture/current page authority,default,agreement-sheet,375.0,667.0,1.3,review123-final-interactions,renders/review123-final-interactions/375x667-text1.3/AC-002-agreement-sheet.json,renders/review123-final-interactions/375x667-text1.3/AC-002-agreement-sheet.png,False,True
AC-002,AC-002-consent-ready,see fixture/current page authority,default,consent-ready,375.0,667.0,1.3,review123-final-interactions,renders/review123-final-interactions/375x667-text1.3/AC-002-consent-ready.json,renders/review123-final-interactions/375x667-text1.3/AC-002-consent-ready.png,False,True
AC-002,AC-002-privacy-sheet,see fixture/current page authority,default,privacy-sheet,375.0,667.0,1.3,review123-final-interactions,renders/review123-final-interactions/375x667-text1.3/AC-002-privacy-sheet.json,renders/review123-final-interactions/375x667-text1.3/AC-002-privacy-sheet.png,False,True
AC-003,AC-003-login-validation,see fixture/current page authority,default,login-validation,375.0,667.0,1.3,review123-final-interactions,renders/review123-final-interactions/375x667-text1.3/AC-003-login-validation.json,renders/review123-final-interactions/375x667-text1.3/AC-003-login-validation.png,False,True
AC-003,AC-003-registration-validation,see fixture/current page authority,default,registration-validation,375.0,667.0,1.3,review123-final-interactions,renders/review123-final-interactions/375x667-text1.3/AC-003-registration-validation.json,renders/review123-final-interactions/375x667-text1.3/AC-003-registration-validation.png,False,True
DS-006,DS-006-publish-validation,see fixture/current page authority,default,publish-validation,375.0,667.0,1.3,review123-final-interactions,renders/review123-final-interactions/375x667-text1.3/DS-006-publish-validation.json,renders/review123-final-interactions/375x667-text1.3/DS-006-publish-validation.png,False,True
DS-007,DS-007-ranking-room,see fixture/current page authority,default,ranking-room,375.0,667.0,1.3,review123-final-interactions,renders/review123-final-interactions/375x667-text1.3/DS-007-ranking-room.json,renders/review123-final-interactions/375x667-text1.3/DS-007-ranking-room.png,False,True
DS-007,DS-007-ranking-wealth,see fixture/current page authority,default,ranking-wealth,375.0,667.0,1.3,review123-final-interactions,renders/review123-final-interactions/375x667-text1.3/DS-007-ranking-wealth.json,renders/review123-final-interactions/375x667-text1.3/DS-007-ranking-wealth.png,False,True
US-002,US-002-profile-validation,see fixture/current page authority,default,profile-validation,375.0,667.0,1.3,review123-final-interactions,renders/review123-final-interactions/375x667-text1.3/US-002-profile-validation.json,renders/review123-final-interactions/375x667-text1.3/US-002-profile-validation.png,False,True
US-003,US-003-block-confirmation,see fixture/current page authority,default,block-confirmation,375.0,667.0,1.3,review123-final-interactions,renders/review123-final-interactions/375x667-text1.3/US-003-block-confirmation.json,renders/review123-final-interactions/375x667-text1.3/US-003-block-confirmation.png,False,True
US-008,US-008-report-validation,see fixture/current page authority,default,report-validation,375.0,667.0,1.3,review123-final-interactions,renders/review123-final-interactions/375x667-text1.3/US-008-report-validation.json,renders/review123-final-interactions/375x667-text1.3/US-008-report-validation.png,False,True
US-009,US-009-feedback-disabled,see fixture/current page authority,default,feedback-disabled,375.0,667.0,1.3,review123-final-interactions,renders/review123-final-interactions/375x667-text1.3/US-009-feedback-disabled.json,renders/review123-final-interactions/375x667-text1.3/US-009-feedback-disabled.png,False,True
AC-001,AC-001-recovery-busy,see fixture/current page authority,default,recovery-busy,390.0,844.0,1.0,review123-final-interactions,renders/review123-final-interactions/390x844-text1.0/AC-001-recovery-busy.json,renders/review123-final-interactions/390x844-text1.0/AC-001-recovery-busy.png,False,True
AC-001,AC-001-recovery-error,see fixture/current page authority,default,recovery-error,390.0,844.0,1.0,review123-final-interactions,renders/review123-final-interactions/390x844-text1.0/AC-001-recovery-error.json,renders/review123-final-interactions/390x844-text1.0/AC-001-recovery-error.png,False,True
AC-001,AC-001-restore,see fixture/current page authority,default,restore,390.0,844.0,1.0,review123-final-interactions,renders/review123-final-interactions/390x844-text1.0/AC-001-restore.json,renders/review123-final-interactions/390x844-text1.0/AC-001-restore.png,False,True
AC-002,AC-002-agreement-sheet,see fixture/current page authority,default,agreement-sheet,390.0,844.0,1.0,review123-final-interactions,renders/review123-final-interactions/390x844-text1.0/AC-002-agreement-sheet.json,renders/review123-final-interactions/390x844-text1.0/AC-002-agreement-sheet.png,False,True
AC-002,AC-002-consent-ready,see fixture/current page authority,default,consent-ready,390.0,844.0,1.0,review123-final-interactions,renders/review123-final-interactions/390x844-text1.0/AC-002-consent-ready.json,renders/review123-final-interactions/390x844-text1.0/AC-002-consent-ready.png,False,True
AC-002,AC-002-privacy-sheet,see fixture/current page authority,default,privacy-sheet,390.0,844.0,1.0,review123-final-interactions,renders/review123-final-interactions/390x844-text1.0/AC-002-privacy-sheet.json,renders/review123-final-interactions/390x844-text1.0/AC-002-privacy-sheet.png,False,True
AC-003,AC-003-login-validation,see fixture/current page authority,default,login-validation,390.0,844.0,1.0,review123-final-interactions,renders/review123-final-interactions/390x844-text1.0/AC-003-login-validation.json,renders/review123-final-interactions/390x844-text1.0/AC-003-login-validation.png,False,True
AC-003,AC-003-registration-validation,see fixture/current page authority,default,registration-validation,390.0,844.0,1.0,review123-final-interactions,renders/review123-final-interactions/390x844-text1.0/AC-003-registration-validation.json,renders/review123-final-interactions/390x844-text1.0/AC-003-registration-validation.png,False,True
DS-006,DS-006-publish-validation,see fixture/current page authority,default,publish-validation,390.0,844.0,1.0,review123-final-interactions,renders/review123-final-interactions/390x844-text1.0/DS-006-publish-validation.json,renders/review123-final-interactions/390x844-text1.0/DS-006-publish-validation.png,False,True
DS-007,DS-007-ranking-room,see fixture/current page authority,default,ranking-room,390.0,844.0,1.0,review123-final-interactions,renders/review123-final-interactions/390x844-text1.0/DS-007-ranking-room.json,renders/review123-final-interactions/390x844-text1.0/DS-007-ranking-room.png,False,True
DS-007,DS-007-ranking-wealth,see fixture/current page authority,default,ranking-wealth,390.0,844.0,1.0,review123-final-interactions,renders/review123-final-interactions/390x844-text1.0/DS-007-ranking-wealth.json,renders/review123-final-interactions/390x844-text1.0/DS-007-ranking-wealth.png,False,True
US-002,US-002-profile-validation,see fixture/current page authority,default,profile-validation,390.0,844.0,1.0,review123-final-interactions,renders/review123-final-interactions/390x844-text1.0/US-002-profile-validation.json,renders/review123-final-interactions/390x844-text1.0/US-002-profile-validation.png,False,True
US-003,US-003-block-confirmation,see fixture/current page authority,default,block-confirmation,390.0,844.0,1.0,review123-final-interactions,renders/review123-final-interactions/390x844-text1.0/US-003-block-confirmation.json,renders/review123-final-interactions/390x844-text1.0/US-003-block-confirmation.png,False,True
US-008,US-008-report-validation,see fixture/current page authority,default,report-validation,390.0,844.0,1.0,review123-final-interactions,renders/review123-final-interactions/390x844-text1.0/US-008-report-validation.json,renders/review123-final-interactions/390x844-text1.0/US-008-report-validation.png,False,True
US-009,US-009-feedback-disabled,see fixture/current page authority,default,feedback-disabled,390.0,844.0,1.0,review123-final-interactions,renders/review123-final-interactions/390x844-text1.0/US-009-feedback-disabled.json,renders/review123-final-interactions/390x844-text1.0/US-009-feedback-disabled.png,False,True
AC-001,AC-001-recovery-busy,see fixture/current page authority,default,recovery-busy,390.0,844.0,1.3,review123-final-interactions,renders/review123-final-interactions/390x844-text1.3/AC-001-recovery-busy.json,renders/review123-final-interactions/390x844-text1.3/AC-001-recovery-busy.png,False,True
AC-001,AC-001-recovery-error,see fixture/current page authority,default,recovery-error,390.0,844.0,1.3,review123-final-interactions,renders/review123-final-interactions/390x844-text1.3/AC-001-recovery-error.json,renders/review123-final-interactions/390x844-text1.3/AC-001-recovery-error.png,False,True
AC-001,AC-001-restore,see fixture/current page authority,default,restore,390.0,844.0,1.3,review123-final-interactions,renders/review123-final-interactions/390x844-text1.3/AC-001-restore.json,renders/review123-final-interactions/390x844-text1.3/AC-001-restore.png,False,True
AC-002,AC-002-agreement-sheet,see fixture/current page authority,default,agreement-sheet,390.0,844.0,1.3,review123-final-interactions,renders/review123-final-interactions/390x844-text1.3/AC-002-agreement-sheet.json,renders/review123-final-interactions/390x844-text1.3/AC-002-agreement-sheet.png,False,True
AC-002,AC-002-consent-ready,see fixture/current page authority,default,consent-ready,390.0,844.0,1.3,review123-final-interactions,renders/review123-final-interactions/390x844-text1.3/AC-002-consent-ready.json,renders/review123-final-interactions/390x844-text1.3/AC-002-consent-ready.png,False,True
AC-002,AC-002-privacy-sheet,see fixture/current page authority,default,privacy-sheet,390.0,844.0,1.3,review123-final-interactions,renders/review123-final-interactions/390x844-text1.3/AC-002-privacy-sheet.json,renders/review123-final-interactions/390x844-text1.3/AC-002-privacy-sheet.png,False,True
AC-003,AC-003-login-validation,see fixture/current page authority,default,login-validation,390.0,844.0,1.3,review123-final-interactions,renders/review123-final-interactions/390x844-text1.3/AC-003-login-validation.json,renders/review123-final-interactions/390x844-text1.3/AC-003-login-validation.png,False,True
AC-003,AC-003-registration-validation,see fixture/current page authority,default,registration-validation,390.0,844.0,1.3,review123-final-interactions,renders/review123-final-interactions/390x844-text1.3/AC-003-registration-validation.json,renders/review123-final-interactions/390x844-text1.3/AC-003-registration-validation.png,False,True
DS-006,DS-006-publish-validation,see fixture/current page authority,default,publish-validation,390.0,844.0,1.3,review123-final-interactions,renders/review123-final-interactions/390x844-text1.3/DS-006-publish-validation.json,renders/review123-final-interactions/390x844-text1.3/DS-006-publish-validation.png,False,True
DS-007,DS-007-ranking-room,see fixture/current page authority,default,ranking-room,390.0,844.0,1.3,review123-final-interactions,renders/review123-final-interactions/390x844-text1.3/DS-007-ranking-room.json,renders/review123-final-interactions/390x844-text1.3/DS-007-ranking-room.png,False,True
DS-007,DS-007-ranking-wealth,see fixture/current page authority,default,ranking-wealth,390.0,844.0,1.3,review123-final-interactions,renders/review123-final-interactions/390x844-text1.3/DS-007-ranking-wealth.json,renders/review123-final-interactions/390x844-text1.3/DS-007-ranking-wealth.png,False,True
US-002,US-002-profile-validation,see fixture/current page authority,default,profile-validation,390.0,844.0,1.3,review123-final-interactions,renders/review123-final-interactions/390x844-text1.3/US-002-profile-validation.json,renders/review123-final-interactions/390x844-text1.3/US-002-profile-validation.png,False,True
US-003,US-003-block-confirmation,see fixture/current page authority,default,block-confirmation,390.0,844.0,1.3,review123-final-interactions,renders/review123-final-interactions/390x844-text1.3/US-003-block-confirmation.json,renders/review123-final-interactions/390x844-text1.3/US-003-block-confirmation.png,False,True
US-008,US-008-report-validation,see fixture/current page authority,default,report-validation,390.0,844.0,1.3,review123-final-interactions,renders/review123-final-interactions/390x844-text1.3/US-008-report-validation.json,renders/review123-final-interactions/390x844-text1.3/US-008-report-validation.png,False,True
US-009,US-009-feedback-disabled,see fixture/current page authority,default,feedback-disabled,390.0,844.0,1.3,review123-final-interactions,renders/review123-final-interactions/390x844-text1.3/US-009-feedback-disabled.json,renders/review123-final-interactions/390x844-text1.3/US-009-feedback-disabled.png,False,True
AC-001,AC-001-recovery-busy,see fixture/current page authority,default,recovery-busy,402.0,874.0,1.0,review123-final-interactions,renders/review123-final-interactions/402x874-text1.0/AC-001-recovery-busy.json,renders/review123-final-interactions/402x874-text1.0/AC-001-recovery-busy.png,False,True
AC-001,AC-001-recovery-error,see fixture/current page authority,default,recovery-error,402.0,874.0,1.0,review123-final-interactions,renders/review123-final-interactions/402x874-text1.0/AC-001-recovery-error.json,renders/review123-final-interactions/402x874-text1.0/AC-001-recovery-error.png,False,True
AC-001,AC-001-restore,see fixture/current page authority,default,restore,402.0,874.0,1.0,review123-final-interactions,renders/review123-final-interactions/402x874-text1.0/AC-001-restore.json,renders/review123-final-interactions/402x874-text1.0/AC-001-restore.png,False,True
AC-002,AC-002-agreement-sheet,see fixture/current page authority,default,agreement-sheet,402.0,874.0,1.0,review123-final-interactions,renders/review123-final-interactions/402x874-text1.0/AC-002-agreement-sheet.json,renders/review123-final-interactions/402x874-text1.0/AC-002-agreement-sheet.png,False,True
AC-002,AC-002-consent-ready,see fixture/current page authority,default,consent-ready,402.0,874.0,1.0,review123-final-interactions,renders/review123-final-interactions/402x874-text1.0/AC-002-consent-ready.json,renders/review123-final-interactions/402x874-text1.0/AC-002-consent-ready.png,False,True
AC-002,AC-002-privacy-sheet,see fixture/current page authority,default,privacy-sheet,402.0,874.0,1.0,review123-final-interactions,renders/review123-final-interactions/402x874-text1.0/AC-002-privacy-sheet.json,renders/review123-final-interactions/402x874-text1.0/AC-002-privacy-sheet.png,False,True
AC-003,AC-003-login-validation,see fixture/current page authority,default,login-validation,402.0,874.0,1.0,review123-final-interactions,renders/review123-final-interactions/402x874-text1.0/AC-003-login-validation.json,renders/review123-final-interactions/402x874-text1.0/AC-003-login-validation.png,False,True
AC-003,AC-003-registration-validation,see fixture/current page authority,default,registration-validation,402.0,874.0,1.0,review123-final-interactions,renders/review123-final-interactions/402x874-text1.0/AC-003-registration-validation.json,renders/review123-final-interactions/402x874-text1.0/AC-003-registration-validation.png,False,True
DS-006,DS-006-publish-validation,see fixture/current page authority,default,publish-validation,402.0,874.0,1.0,review123-final-interactions,renders/review123-final-interactions/402x874-text1.0/DS-006-publish-validation.json,renders/review123-final-interactions/402x874-text1.0/DS-006-publish-validation.png,False,True
DS-007,DS-007-ranking-room,see fixture/current page authority,default,ranking-room,402.0,874.0,1.0,review123-final-interactions,renders/review123-final-interactions/402x874-text1.0/DS-007-ranking-room.json,renders/review123-final-interactions/402x874-text1.0/DS-007-ranking-room.png,False,True
DS-007,DS-007-ranking-wealth,see fixture/current page authority,default,ranking-wealth,402.0,874.0,1.0,review123-final-interactions,renders/review123-final-interactions/402x874-text1.0/DS-007-ranking-wealth.json,renders/review123-final-interactions/402x874-text1.0/DS-007-ranking-wealth.png,False,True
US-002,US-002-profile-validation,see fixture/current page authority,default,profile-validation,402.0,874.0,1.0,review123-final-interactions,renders/review123-final-interactions/402x874-text1.0/US-002-profile-validation.json,renders/review123-final-interactions/402x874-text1.0/US-002-profile-validation.png,False,True
US-003,US-003-block-confirmation,see fixture/current page authority,default,block-confirmation,402.0,874.0,1.0,review123-final-interactions,renders/review123-final-interactions/402x874-text1.0/US-003-block-confirmation.json,renders/review123-final-interactions/402x874-text1.0/US-003-block-confirmation.png,False,True
US-008,US-008-report-validation,see fixture/current page authority,default,report-validation,402.0,874.0,1.0,review123-final-interactions,renders/review123-final-interactions/402x874-text1.0/US-008-report-validation.json,renders/review123-final-interactions/402x874-text1.0/US-008-report-validation.png,False,True
US-009,US-009-feedback-disabled,see fixture/current page authority,default,feedback-disabled,402.0,874.0,1.0,review123-final-interactions,renders/review123-final-interactions/402x874-text1.0/US-009-feedback-disabled.json,renders/review123-final-interactions/402x874-text1.0/US-009-feedback-disabled.png,False,True
AC-001,AC-001-recovery-busy,see fixture/current page authority,default,recovery-busy,402.0,874.0,1.3,review123-final-interactions,renders/review123-final-interactions/402x874-text1.3/AC-001-recovery-busy.json,renders/review123-final-interactions/402x874-text1.3/AC-001-recovery-busy.png,False,True
AC-001,AC-001-recovery-error,see fixture/current page authority,default,recovery-error,402.0,874.0,1.3,review123-final-interactions,renders/review123-final-interactions/402x874-text1.3/AC-001-recovery-error.json,renders/review123-final-interactions/402x874-text1.3/AC-001-recovery-error.png,False,True
AC-001,AC-001-restore,see fixture/current page authority,default,restore,402.0,874.0,1.3,review123-final-interactions,renders/review123-final-interactions/402x874-text1.3/AC-001-restore.json,renders/review123-final-interactions/402x874-text1.3/AC-001-restore.png,False,True
AC-002,AC-002-agreement-sheet,see fixture/current page authority,default,agreement-sheet,402.0,874.0,1.3,review123-final-interactions,renders/review123-final-interactions/402x874-text1.3/AC-002-agreement-sheet.json,renders/review123-final-interactions/402x874-text1.3/AC-002-agreement-sheet.png,False,True
AC-002,AC-002-consent-ready,see fixture/current page authority,default,consent-ready,402.0,874.0,1.3,review123-final-interactions,renders/review123-final-interactions/402x874-text1.3/AC-002-consent-ready.json,renders/review123-final-interactions/402x874-text1.3/AC-002-consent-ready.png,False,True
AC-002,AC-002-privacy-sheet,see fixture/current page authority,default,privacy-sheet,402.0,874.0,1.3,review123-final-interactions,renders/review123-final-interactions/402x874-text1.3/AC-002-privacy-sheet.json,renders/review123-final-interactions/402x874-text1.3/AC-002-privacy-sheet.png,False,True
AC-003,AC-003-login-validation,see fixture/current page authority,default,login-validation,402.0,874.0,1.3,review123-final-interactions,renders/review123-final-interactions/402x874-text1.3/AC-003-login-validation.json,renders/review123-final-interactions/402x874-text1.3/AC-003-login-validation.png,False,True
AC-003,AC-003-registration-validation,see fixture/current page authority,default,registration-validation,402.0,874.0,1.3,review123-final-interactions,renders/review123-final-interactions/402x874-text1.3/AC-003-registration-validation.json,renders/review123-final-interactions/402x874-text1.3/AC-003-registration-validation.png,False,True
DS-006,DS-006-publish-validation,see fixture/current page authority,default,publish-validation,402.0,874.0,1.3,review123-final-interactions,renders/review123-final-interactions/402x874-text1.3/DS-006-publish-validation.json,renders/review123-final-interactions/402x874-text1.3/DS-006-publish-validation.png,False,True
DS-007,DS-007-ranking-room,see fixture/current page authority,default,ranking-room,402.0,874.0,1.3,review123-final-interactions,renders/review123-final-interactions/402x874-text1.3/DS-007-ranking-room.json,renders/review123-final-interactions/402x874-text1.3/DS-007-ranking-room.png,False,True
DS-007,DS-007-ranking-wealth,see fixture/current page authority,default,ranking-wealth,402.0,874.0,1.3,review123-final-interactions,renders/review123-final-interactions/402x874-text1.3/DS-007-ranking-wealth.json,renders/review123-final-interactions/402x874-text1.3/DS-007-ranking-wealth.png,False,True
US-002,US-002-profile-validation,see fixture/current page authority,default,profile-validation,402.0,874.0,1.3,review123-final-interactions,renders/review123-final-interactions/402x874-text1.3/US-002-profile-validation.json,renders/review123-final-interactions/402x874-text1.3/US-002-profile-validation.png,False,True
US-003,US-003-block-confirmation,see fixture/current page authority,default,block-confirmation,402.0,874.0,1.3,review123-final-interactions,renders/review123-final-interactions/402x874-text1.3/US-003-block-confirmation.json,renders/review123-final-interactions/402x874-text1.3/US-003-block-confirmation.png,False,True
US-008,US-008-report-validation,see fixture/current page authority,default,report-validation,402.0,874.0,1.3,review123-final-interactions,renders/review123-final-interactions/402x874-text1.3/US-008-report-validation.json,renders/review123-final-interactions/402x874-text1.3/US-008-report-validation.png,False,True
US-009,US-009-feedback-disabled,see fixture/current page authority,default,feedback-disabled,402.0,874.0,1.3,review123-final-interactions,renders/review123-final-interactions/402x874-text1.3/US-009-feedback-disabled.json,renders/review123-final-interactions/402x874-text1.3/US-009-feedback-disabled.png,False,True
CM-001,CM-001-hub-anchor-normal,anchor,normal,,390.0,844.0,1.0,review123-financial-capture,renders/review123-financial-capture/390x844-text1.0/CM-001-hub-anchor-normal.json,renders/review123-financial-capture/390x844-text1.0/CM-001-hub-anchor-normal.png,False,True
CM-001,CM-001-hub-guildChair-normal,guildChair,normal,,390.0,844.0,1.0,review123-financial-capture,renders/review123-financial-capture/390x844-text1.0/CM-001-hub-guildChair-normal.json,renders/review123-financial-capture/390x844-text1.0/CM-001-hub-guildChair-normal.png,False,True
CM-001,CM-001-hub-ordinary-normal,ordinary,normal,,390.0,844.0,1.0,review123-financial-capture,renders/review123-financial-capture/390x844-text1.0/CM-001-hub-ordinary-normal.json,renders/review123-financial-capture/390x844-text1.0/CM-001-hub-ordinary-normal.png,False,True
CM-011,CM-011-anchor-normal,anchor,normal,,390.0,844.0,1.0,review123-financial-capture,renders/review123-financial-capture/390x844-text1.0/CM-011-anchor-normal.json,renders/review123-financial-capture/390x844-text1.0/CM-011-anchor-normal.png,False,True
CM-011,CM-011-guildChair-normal,guildChair,normal,,390.0,844.0,1.0,review123-financial-capture,renders/review123-financial-capture/390x844-text1.0/CM-011-guildChair-normal.json,renders/review123-financial-capture/390x844-text1.0/CM-011-guildChair-normal.png,False,True
CM-011,CM-011-ordinary-normal,ordinary,normal,,390.0,844.0,1.0,review123-financial-capture,renders/review123-financial-capture/390x844-text1.0/CM-011-ordinary-normal.json,renders/review123-financial-capture/390x844-text1.0/CM-011-ordinary-normal.png,False,True
CM-012,CM-012-anchor-empty,anchor,empty,,390.0,844.0,1.0,review123-financial-capture,renders/review123-financial-capture/390x844-text1.0/CM-012-anchor-empty.json,renders/review123-financial-capture/390x844-text1.0/CM-012-anchor-empty.png,False,True
CM-012,CM-012-anchor-error,anchor,error,,390.0,844.0,1.0,review123-financial-capture,renders/review123-financial-capture/390x844-text1.0/CM-012-anchor-error.json,renders/review123-financial-capture/390x844-text1.0/CM-012-anchor-error.png,False,True
CM-012,CM-012-anchor-loading,anchor,loading,,390.0,844.0,1.0,review123-financial-capture,renders/review123-financial-capture/390x844-text1.0/CM-012-anchor-loading.json,renders/review123-financial-capture/390x844-text1.0/CM-012-anchor-loading.png,False,True
CM-012,CM-012-anchor-noAccount,anchor,noAccount,,390.0,844.0,1.0,review123-financial-capture,renders/review123-financial-capture/390x844-text1.0/CM-012-anchor-noAccount.json,renders/review123-financial-capture/390x844-text1.0/CM-012-anchor-noAccount.png,False,True
CM-012,CM-012-anchor-normal,anchor,normal,,390.0,844.0,1.0,review123-financial-capture,renders/review123-financial-capture/390x844-text1.0/CM-012-anchor-normal.json,renders/review123-financial-capture/390x844-text1.0/CM-012-anchor-normal.png,False,True
CM-012,CM-012-anchor-unknown,anchor,unknown,,390.0,844.0,1.0,review123-financial-capture,renders/review123-financial-capture/390x844-text1.0/CM-012-anchor-unknown.json,renders/review123-financial-capture/390x844-text1.0/CM-012-anchor-unknown.png,False,True
CM-012,CM-012-guildChair-normal,guildChair,normal,,390.0,844.0,1.0,review123-financial-capture,renders/review123-financial-capture/390x844-text1.0/CM-012-guildChair-normal.json,renders/review123-financial-capture/390x844-text1.0/CM-012-guildChair-normal.png,False,True
CM-012,CM-012-guildChair-unknown,guildChair,unknown,,390.0,844.0,1.0,review123-financial-capture,renders/review123-financial-capture/390x844-text1.0/CM-012-guildChair-unknown.json,renders/review123-financial-capture/390x844-text1.0/CM-012-guildChair-unknown.png,False,True
CM-012,CM-012-ordinary-normal,ordinary,normal,,390.0,844.0,1.0,review123-financial-capture,renders/review123-financial-capture/390x844-text1.0/CM-012-ordinary-normal.json,renders/review123-financial-capture/390x844-text1.0/CM-012-ordinary-normal.png,False,True
CM-012,CM-012-ordinary-unknown,ordinary,unknown,,390.0,844.0,1.0,review123-financial-capture,renders/review123-financial-capture/390x844-text1.0/CM-012-ordinary-unknown.json,renders/review123-financial-capture/390x844-text1.0/CM-012-ordinary-unknown.png,False,True
CM-012,CM-012-payout-alipay-anchor-normal,anchor,normal,,390.0,844.0,1.0,review123-financial-capture,renders/review123-financial-capture/390x844-text1.0/CM-012-payout-alipay-anchor-normal.json,renders/review123-financial-capture/390x844-text1.0/CM-012-payout-alipay-anchor-normal.png,False,True
CM-012,CM-012-payout-bank-anchor-normal,anchor,normal,,390.0,844.0,1.0,review123-financial-capture,renders/review123-financial-capture/390x844-text1.0/CM-012-payout-bank-anchor-normal.json,renders/review123-financial-capture/390x844-text1.0/CM-012-payout-bank-anchor-normal.png,False,True
RM-004,RM-004-listener-interactions,listener,normal,interactions,390.0,844.0,1.0,review123-financial-capture,renders/review123-financial-capture/390x844-text1.0/RM-004-listener-interactions.json,renders/review123-financial-capture/390x844-text1.0/RM-004-listener-interactions.png,False,True
RM-004,RM-004-listener-tools,listener,normal,tools,390.0,844.0,1.0,review123-financial-capture,renders/review123-financial-capture/390x844-text1.0/RM-004-listener-tools.json,renders/review123-financial-capture/390x844-text1.0/RM-004-listener-tools.png,False,True
RM-004,RM-004-moderator-interactions,moderator,normal,interactions,390.0,844.0,1.0,review123-financial-capture,renders/review123-financial-capture/390x844-text1.0/RM-004-moderator-interactions.json,renders/review123-financial-capture/390x844-text1.0/RM-004-moderator-interactions.png,False,True
RM-004,RM-004-moderator-tools,moderator,normal,tools,390.0,844.0,1.0,review123-financial-capture,renders/review123-financial-capture/390x844-text1.0/RM-004-moderator-tools.json,renders/review123-financial-capture/390x844-text1.0/RM-004-moderator-tools.png,False,True
RM-004,RM-004-owner-interactions,owner,normal,interactions,390.0,844.0,1.0,review123-financial-capture,renders/review123-financial-capture/390x844-text1.0/RM-004-owner-interactions.json,renders/review123-financial-capture/390x844-text1.0/RM-004-owner-interactions.png,False,True
RM-004,RM-004-owner-tools,owner,normal,tools,390.0,844.0,1.0,review123-financial-capture,renders/review123-financial-capture/390x844-text1.0/RM-004-owner-tools.json,renders/review123-financial-capture/390x844-text1.0/RM-004-owner-tools.png,False,True
RM-004,RM-004-platformModerator-interactions,platformModerator,normal,interactions,390.0,844.0,1.0,review123-financial-capture,renders/review123-financial-capture/390x844-text1.0/RM-004-platformModerator-interactions.json,renders/review123-financial-capture/390x844-text1.0/RM-004-platformModerator-interactions.png,False,True
RM-004,RM-004-platformModerator-tools,platformModerator,normal,tools,390.0,844.0,1.0,review123-financial-capture,renders/review123-financial-capture/390x844-text1.0/RM-004-platformModerator-tools.json,renders/review123-financial-capture/390x844-text1.0/RM-004-platformModerator-tools.png,False,True
RM-005,RM-005-listener-approved,listener,approved,mic,390.0,844.0,1.0,review123-financial-capture,renders/review123-financial-capture/390x844-text1.0/RM-005-listener-approved.json,renders/review123-financial-capture/390x844-text1.0/RM-005-listener-approved.png,False,True
RM-005,RM-005-listener-available,listener,normal,mic,390.0,844.0,1.0,review123-financial-capture,renders/review123-financial-capture/390x844-text1.0/RM-005-listener-available.json,renders/review123-financial-capture/390x844-text1.0/RM-005-listener-available.png,False,True
RM-005,RM-005-listener-pending,listener,pending,mic,390.0,844.0,1.0,review123-financial-capture,renders/review123-financial-capture/390x844-text1.0/RM-005-listener-pending.json,renders/review123-financial-capture/390x844-text1.0/RM-005-listener-pending.png,False,True
RM-005,RM-005-listener-rejected,listener,rejected,mic,390.0,844.0,1.0,review123-financial-capture,renders/review123-financial-capture/390x844-text1.0/RM-005-listener-rejected.json,renders/review123-financial-capture/390x844-text1.0/RM-005-listener-rejected.png,False,True
RM-005,RM-005-moderator-direct,moderator,normal,mic,390.0,844.0,1.0,review123-financial-capture,renders/review123-financial-capture/390x844-text1.0/RM-005-moderator-direct.json,renders/review123-financial-capture/390x844-text1.0/RM-005-moderator-direct.png,False,True
RM-005,RM-005-owner-direct,owner,normal,mic,390.0,844.0,1.0,review123-financial-capture,renders/review123-financial-capture/390x844-text1.0/RM-005-owner-direct.json,renders/review123-financial-capture/390x844-text1.0/RM-005-owner-direct.png,False,True
AC-001,AC-001,see fixture/current page authority,default,,390.0,844.0,1.0,review123-final-default,renders/review123-final-default/390x844-text1.0/AC-001.json,renders/review123-final-default/390x844-text1.0/AC-001.png,False,True
AC-002,AC-002,see fixture/current page authority,default,,390.0,844.0,1.0,review123-final-default,renders/review123-final-default/390x844-text1.0/AC-002.json,renders/review123-final-default/390x844-text1.0/AC-002.png,False,True
AC-003,AC-003,see fixture/current page authority,default,,390.0,844.0,1.0,review123-final-default,renders/review123-final-default/390x844-text1.0/AC-003.json,renders/review123-final-default/390x844-text1.0/AC-003.png,False,True
AC-004,AC-004,see fixture/current page authority,default,,390.0,844.0,1.0,review123-final-default,renders/review123-final-default/390x844-text1.0/AC-004.json,renders/review123-final-default/390x844-text1.0/AC-004.png,False,True
AC-005,AC-005,see fixture/current page authority,default,,390.0,844.0,1.0,review123-final-default,renders/review123-final-default/390x844-text1.0/AC-005.json,renders/review123-final-default/390x844-text1.0/AC-005.png,False,True
AC-006,AC-006,see fixture/current page authority,default,,390.0,844.0,1.0,review123-final-default,renders/review123-final-default/390x844-text1.0/AC-006.json,renders/review123-final-default/390x844-text1.0/AC-006.png,False,True
AC-007,AC-007,see fixture/current page authority,default,,390.0,844.0,1.0,review123-final-default,renders/review123-final-default/390x844-text1.0/AC-007.json,renders/review123-final-default/390x844-text1.0/AC-007.png,False,True
AC-008,AC-008,see fixture/current page authority,default,,390.0,844.0,1.0,review123-final-default,renders/review123-final-default/390x844-text1.0/AC-008.json,renders/review123-final-default/390x844-text1.0/AC-008.png,False,True
AC-009,AC-009,see fixture/current page authority,default,,390.0,844.0,1.0,review123-final-default,renders/review123-final-default/390x844-text1.0/AC-009.json,renders/review123-final-default/390x844-text1.0/AC-009.png,False,True
AC-010,AC-010,see fixture/current page authority,default,,390.0,844.0,1.0,review123-final-default,renders/review123-final-default/390x844-text1.0/AC-010.json,renders/review123-final-default/390x844-text1.0/AC-010.png,False,True
AC-011,AC-011,see fixture/current page authority,default,,390.0,844.0,1.0,review123-final-default,renders/review123-final-default/390x844-text1.0/AC-011.json,renders/review123-final-default/390x844-text1.0/AC-011.png,False,True
AC-012,AC-012,see fixture/current page authority,default,,390.0,844.0,1.0,review123-final-default,renders/review123-final-default/390x844-text1.0/AC-012.json,renders/review123-final-default/390x844-text1.0/AC-012.png,False,True
CM-001,CM-001,see fixture/current page authority,default,,390.0,844.0,1.0,review123-final-default,renders/review123-final-default/390x844-text1.0/CM-001.json,renders/review123-final-default/390x844-text1.0/CM-001.png,False,True
CM-002,CM-002,see fixture/current page authority,default,,390.0,844.0,1.0,review123-final-default,renders/review123-final-default/390x844-text1.0/CM-002.json,renders/review123-final-default/390x844-text1.0/CM-002.png,False,True
CM-003,CM-003,see fixture/current page authority,default,,390.0,844.0,1.0,review123-final-default,renders/review123-final-default/390x844-text1.0/CM-003.json,renders/review123-final-default/390x844-text1.0/CM-003.png,False,True
CM-004,CM-004,see fixture/current page authority,default,,390.0,844.0,1.0,review123-final-default,renders/review123-final-default/390x844-text1.0/CM-004.json,renders/review123-final-default/390x844-text1.0/CM-004.png,False,True
CM-005,CM-005,see fixture/current page authority,default,,390.0,844.0,1.0,review123-final-default,renders/review123-final-default/390x844-text1.0/CM-005.json,renders/review123-final-default/390x844-text1.0/CM-005.png,False,True
CM-006,CM-006,see fixture/current page authority,default,,390.0,844.0,1.0,review123-final-default,renders/review123-final-default/390x844-text1.0/CM-006.json,renders/review123-final-default/390x844-text1.0/CM-006.png,False,True
CM-009,CM-009,see fixture/current page authority,default,,390.0,844.0,1.0,review123-final-default,renders/review123-final-default/390x844-text1.0/CM-009.json,renders/review123-final-default/390x844-text1.0/CM-009.png,False,True
CM-010,CM-010,see fixture/current page authority,default,,390.0,844.0,1.0,review123-final-default,renders/review123-final-default/390x844-text1.0/CM-010.json,renders/review123-final-default/390x844-text1.0/CM-010.png,False,True
CM-011,CM-011,see fixture/current page authority,default,,390.0,844.0,1.0,review123-final-default,renders/review123-final-default/390x844-text1.0/CM-011.json,renders/review123-final-default/390x844-text1.0/CM-011.png,False,True
CM-012,CM-012,see fixture/current page authority,default,,390.0,844.0,1.0,review123-final-default,renders/review123-final-default/390x844-text1.0/CM-012.json,renders/review123-final-default/390x844-text1.0/CM-012.png,False,True
DS-001,DS-001,see fixture/current page authority,default,,390.0,844.0,1.0,review123-final-default,renders/review123-final-default/390x844-text1.0/DS-001.json,renders/review123-final-default/390x844-text1.0/DS-001.png,False,True
DS-002,DS-002,see fixture/current page authority,default,,390.0,844.0,1.0,review123-final-default,renders/review123-final-default/390x844-text1.0/DS-002.json,renders/review123-final-default/390x844-text1.0/DS-002.png,False,True
DS-003,DS-003,see fixture/current page authority,default,,390.0,844.0,1.0,review123-final-default,renders/review123-final-default/390x844-text1.0/DS-003.json,renders/review123-final-default/390x844-text1.0/DS-003.png,False,True
DS-004,DS-004,see fixture/current page authority,default,,390.0,844.0,1.0,review123-final-default,renders/review123-final-default/390x844-text1.0/DS-004.json,renders/review123-final-default/390x844-text1.0/DS-004.png,False,True
DS-005,DS-005,see fixture/current page authority,default,,390.0,844.0,1.0,review123-final-default,renders/review123-final-default/390x844-text1.0/DS-005.json,renders/review123-final-default/390x844-text1.0/DS-005.png,False,True
DS-006,DS-006,see fixture/current page authority,default,,390.0,844.0,1.0,review123-final-default,renders/review123-final-default/390x844-text1.0/DS-006.json,renders/review123-final-default/390x844-text1.0/DS-006.png,False,True
DS-007,DS-007,see fixture/current page authority,default,,390.0,844.0,1.0,review123-final-default,renders/review123-final-default/390x844-text1.0/DS-007.json,renders/review123-final-default/390x844-text1.0/DS-007.png,False,True
DS-008,DS-008,see fixture/current page authority,default,,390.0,844.0,1.0,review123-final-default,renders/review123-final-default/390x844-text1.0/DS-008.json,renders/review123-final-default/390x844-text1.0/DS-008.png,False,True
MS-001,MS-001,see fixture/current page authority,default,,390.0,844.0,1.0,review123-final-default,renders/review123-final-default/390x844-text1.0/MS-001.json,renders/review123-final-default/390x844-text1.0/MS-001.png,False,True
MS-002,MS-002,see fixture/current page authority,default,,390.0,844.0,1.0,review123-final-default,renders/review123-final-default/390x844-text1.0/MS-002.json,renders/review123-final-default/390x844-text1.0/MS-002.png,False,True
MS-003,MS-003,see fixture/current page authority,default,,390.0,844.0,1.0,review123-final-default,renders/review123-final-default/390x844-text1.0/MS-003.json,renders/review123-final-default/390x844-text1.0/MS-003.png,False,True
MS-004,MS-004,see fixture/current page authority,default,,390.0,844.0,1.0,review123-final-default,renders/review123-final-default/390x844-text1.0/MS-004.json,renders/review123-final-default/390x844-text1.0/MS-004.png,False,True
MS-005,MS-005,see fixture/current page authority,default,,390.0,844.0,1.0,review123-final-default,renders/review123-final-default/390x844-text1.0/MS-005.json,renders/review123-final-default/390x844-text1.0/MS-005.png,False,True
MS-006,MS-006,see fixture/current page authority,default,,390.0,844.0,1.0,review123-final-default,renders/review123-final-default/390x844-text1.0/MS-006.json,renders/review123-final-default/390x844-text1.0/MS-006.png,False,True
RM-001,RM-001,see fixture/current page authority,default,,390.0,844.0,1.0,review123-final-default,renders/review123-final-default/390x844-text1.0/RM-001.json,renders/review123-final-default/390x844-text1.0/RM-001.png,False,True
RM-002,RM-002,see fixture/current page authority,default,,390.0,844.0,1.0,review123-final-default,renders/review123-final-default/390x844-text1.0/RM-002.json,renders/review123-final-default/390x844-text1.0/RM-002.png,False,True
RM-003,RM-003,see fixture/current page authority,default,,390.0,844.0,1.0,review123-final-default,renders/review123-final-default/390x844-text1.0/RM-003.json,renders/review123-final-default/390x844-text1.0/RM-003.png,False,True
RM-004,RM-004,see fixture/current page authority,default,,390.0,844.0,1.0,review123-final-default,renders/review123-final-default/390x844-text1.0/RM-004.json,renders/review123-final-default/390x844-text1.0/RM-004.png,False,True
RM-005,RM-005,see fixture/current page authority,default,,390.0,844.0,1.0,review123-final-default,renders/review123-final-default/390x844-text1.0/RM-005.json,renders/review123-final-default/390x844-text1.0/RM-005.png,False,True
RM-006,RM-006,see fixture/current page authority,default,,390.0,844.0,1.0,review123-final-default,renders/review123-final-default/390x844-text1.0/RM-006.json,renders/review123-final-default/390x844-text1.0/RM-006.png,False,True
RM-007,RM-007,see fixture/current page authority,default,,390.0,844.0,1.0,review123-final-default,renders/review123-final-default/390x844-text1.0/RM-007.json,renders/review123-final-default/390x844-text1.0/RM-007.png,False,True
RM-008,RM-008,see fixture/current page authority,default,,390.0,844.0,1.0,review123-final-default,renders/review123-final-default/390x844-text1.0/RM-008.json,renders/review123-final-default/390x844-text1.0/RM-008.png,False,True
RM-010,RM-010,see fixture/current page authority,default,,390.0,844.0,1.0,review123-final-default,renders/review123-final-default/390x844-text1.0/RM-010.json,renders/review123-final-default/390x844-text1.0/RM-010.png,False,True
RM-011,RM-011,see fixture/current page authority,default,,390.0,844.0,1.0,review123-final-default,renders/review123-final-default/390x844-text1.0/RM-011.json,renders/review123-final-default/390x844-text1.0/RM-011.png,False,True
RM-013,RM-013,see fixture/current page authority,default,,390.0,844.0,1.0,review123-final-default,renders/review123-final-default/390x844-text1.0/RM-013.json,renders/review123-final-default/390x844-text1.0/RM-013.png,False,True
RM-014,RM-014,see fixture/current page authority,default,,390.0,844.0,1.0,review123-final-default,renders/review123-final-default/390x844-text1.0/RM-014.json,renders/review123-final-default/390x844-text1.0/RM-014.png,False,True
SC-001,SC-001,see fixture/current page authority,default,,390.0,844.0,1.0,review123-final-default,renders/review123-final-default/390x844-text1.0/SC-001.json,renders/review123-final-default/390x844-text1.0/SC-001.png,False,True
SC-002,SC-002,see fixture/current page authority,default,,390.0,844.0,1.0,review123-final-default,renders/review123-final-default/390x844-text1.0/SC-002.json,renders/review123-final-default/390x844-text1.0/SC-002.png,False,True
SC-003,SC-003,see fixture/current page authority,default,,390.0,844.0,1.0,review123-final-default,renders/review123-final-default/390x844-text1.0/SC-003.json,renders/review123-final-default/390x844-text1.0/SC-003.png,False,True
US-001,US-001,see fixture/current page authority,default,,390.0,844.0,1.0,review123-final-default,renders/review123-final-default/390x844-text1.0/US-001.json,renders/review123-final-default/390x844-text1.0/US-001.png,False,True
US-002,US-002,see fixture/current page authority,default,,390.0,844.0,1.0,review123-final-default,renders/review123-final-default/390x844-text1.0/US-002.json,renders/review123-final-default/390x844-text1.0/US-002.png,False,True
US-003,US-003,see fixture/current page authority,default,,390.0,844.0,1.0,review123-final-default,renders/review123-final-default/390x844-text1.0/US-003.json,renders/review123-final-default/390x844-text1.0/US-003.png,False,True
US-004,US-004,see fixture/current page authority,default,,390.0,844.0,1.0,review123-final-default,renders/review123-final-default/390x844-text1.0/US-004.json,renders/review123-final-default/390x844-text1.0/US-004.png,False,True
US-006,US-006,see fixture/current page authority,default,,390.0,844.0,1.0,review123-final-default,renders/review123-final-default/390x844-text1.0/US-006.json,renders/review123-final-default/390x844-text1.0/US-006.png,False,True
US-007,US-007,see fixture/current page authority,default,,390.0,844.0,1.0,review123-final-default,renders/review123-final-default/390x844-text1.0/US-007.json,renders/review123-final-default/390x844-text1.0/US-007.png,False,True
US-008,US-008,see fixture/current page authority,default,,390.0,844.0,1.0,review123-final-default,renders/review123-final-default/390x844-text1.0/US-008.json,renders/review123-final-default/390x844-text1.0/US-008.png,False,True
US-009,US-009,see fixture/current page authority,default,,390.0,844.0,1.0,review123-final-default,renders/review123-final-default/390x844-text1.0/US-009.json,renders/review123-final-default/390x844-text1.0/US-009.png,False,True
US-010,US-010,see fixture/current page authority,default,,390.0,844.0,1.0,review123-final-default,renders/review123-final-default/390x844-text1.0/US-010.json,renders/review123-final-default/390x844-text1.0/US-010.png,False,True
US-001,runtime-account,see fixture/current page authority,default,,390.0,844.0,1.0,review123-final-default,renders/review123-final-default/390x844-text1.0/runtime-account.json,renders/review123-final-default/390x844-text1.0/runtime-account.png,False,True
DS-004,runtime-discovery,see fixture/current page authority,default,,390.0,844.0,1.0,review123-final-default,renders/review123-final-default/390x844-text1.0/runtime-discovery.json,renders/review123-final-default/390x844-text1.0/runtime-discovery.png,False,True
DS-001,runtime-home,see fixture/current page authority,default,,390.0,844.0,1.0,review123-final-default,renders/review123-final-default/390x844-text1.0/runtime-home.json,renders/review123-final-default/390x844-text1.0/runtime-home.png,False,True
MS-001,runtime-messages,see fixture/current page authority,default,,390.0,844.0,1.0,review123-final-default,renders/review123-final-default/390x844-text1.0/runtime-messages.json,renders/review123-final-default/390x844-text1.0/runtime-messages.png,False,True
